Date,Store_ID,Product_Name,Category,Unit_Price,Quantity_Sold,Discount,Revenue,Stock_Remaining,Expiry_Date
2025-06-15,EZ011,Colgate Toothpaste 100g,Personal Care,55,9,0.1,445.5,8,2027-06-15
2025-04-20,EZ557,Mother Dairy Milk 1L,Dairy,60,8,0.1,432.0,99,2025-04-30
2025-06-26,EZ239,Tata Salt 1kg,Grocery,25,1,0.05,23.75,34,2026-06-26
2025-05-11,EZ319,Maggi 2-Minute Noodles,Snacks,12,19,0.0,228.0,48,2026-05-11
2025-06-22,EZ187,Dabur Honey 250g,Health,110,7,0.0,770.0,98,2027-06-22
2025-05-17,EZ495,Tata Salt 1kg,Grocery,25,20,0.0,500.0,36,2026-05-17
2025-06-10,EZ681,Dettol Handwash 200ml,Health,85,10,0.1,765.0,1,2027-06-10
2025-04-02,EZ454,Tata Salt 1kg,Grocery,25,9,0.05,213.75,85,2026-04-02
2025-06-27,EZ428,Dettol Handwash 200ml,Health,85,11,0.1,841.5,91,2027-06-27
2025-05-05,EZ707,Tata Salt 1kg,Grocery,25,7,0.05,166.25,98,2026-05-05
2025-06-21,EZ089,Dettol Handwash 200ml,Health,85,1,0.1,76.5,99,2027-06-21
2025-03-28,EZ633,Maggi 2-Minute Noodles,Snacks,12,13,0.05,148.2,89,2026-03-28
2025-04-06,EZ746,Aashirvaad Atta 5kg,Grocery,280,11,0.0,3080.0,52,2025-10-03
2025-06-07,EZ316,Mother Dairy Milk 1L,Dairy,60,8,0.1,432.0,99,2025-06-17
2025-04-05,EZ506,Maggi 2-Minute Noodles,Snacks,12,13,0.1,140.4,5,2026-04-05
2025-05-06,EZ117,Tata Salt 1kg,Grocery,25,10,0.1,225.0,93,2026-05-06
2025-04-07,EZ296,Mother Dairy Milk 1L,Dairy,60,13,0.05,741.0,28,2025-04-17
2025-06-07,EZ912,Dettol Handwash 200ml,Health,85,16,0.0,1360.0,29,2027-06-07
2025-04-26,EZ968,Aashirvaad Atta 5kg,Grocery,280,9,0.0,2520.0,5,2025-10-23
2025-05-12,EZ141,Fortune Sunflower Oil 1L,Grocery,160,16,0.05,2432.0,51,2025-11-08
2025-06-04,EZ981,Tata Salt 1kg,Grocery,25,18,0.05,427.5,94,2026-06-04
2025-05-19,EZ426,Mother Dairy Milk 1L,Dairy,60,18,0.05,1026.0,53,2025-05-29
2025-06-16,EZ830,Fortune Sunflower Oil 1L,Grocery,160,11,0.1,1584.0,79,2025-12-13
2025-04-01,EZ448,Dettol Handwash 200ml,Health,85,20,0.1,1530.0,60,2027-04-01
2025-04-13,EZ532,Amul Butter 500g,Dairy,250,6,0.05,1425.0,83,2025-07-12
2025-04-09,EZ197,Colgate Toothpaste 100g,Personal Care,55,4,0.05,209.0,45,2027-04-09
2025-05-15,EZ628,Aashirvaad Atta 5kg,Grocery,280,4,0.1,1008.0,56,2025-11-11
2025-05-14,EZ196,Maggi 2-Minute Noodles,Snacks,12,3,0.1,32.4,94,2026-05-14
2025-05-29,EZ213,Dabur Honey 250g,Health,110,16,0.0,1760.0,61,2027-05-29
2025-06-27,EZ802,Dove Soap 75g,Personal Care,40,6,0.05,228.0,89,2027-06-27
2025-04-17,EZ430,Dabur Honey 250g,Health,110,9,0.1,891.0,80,2027-04-17
2025-06-17,EZ770,Colgate Toothpaste 100g,Personal Care,55,20,0.1,990.0,82,2027-06-17
2025-06-18,EZ936,Dettol Handwash 200ml,Health,85,18,0.1,1377.0,81,2027-06-18
2025-05-10,EZ586,Amul Butter 500g,Dairy,250,19,0.0,4750.0,84,2025-08-08
2025-06-06,EZ224,Mother Dairy Milk 1L,Dairy,60,8,0.05,456.0,21,2025-06-16
2025-06-05,EZ066,Amul Butter 500g,Dairy,250,15,0.05,3562.5,34,2025-09-03
2025-04-13,EZ716,Maggi 2-Minute Noodles,Snacks,12,10,0.0,120.0,48,2026-04-13
2025-04-04,EZ721,Aashirvaad Atta 5kg,Grocery,280,2,0.1,504.0,26,2025-10-01
2025-05-19,EZ235,Aashirvaad Atta 5kg,Grocery,280,5,0.05,1330.0,31,2025-11-15
2025-06-17,EZ772,Fortune Sunflower Oil 1L,Grocery,160,3,0.05,456.0,88,2025-12-14
2025-04-29,EZ045,Fortune Sunflower Oil 1L,Grocery,160,5,0.0,800.0,78,2025-10-26
2025-06-01,EZ592,Amul Butter 500g,Dairy,250,6,0.05,1425.0,65,2025-08-30
2025-05-16,EZ041,Mother Dairy Milk 1L,Dairy,60,12,0.05,684.0,78,2025-05-26
2025-06-13,EZ989,Dabur Honey 250g,Health,110,17,0.0,1870.0,35,2027-06-13
2025-06-26,EZ552,Dettol Handwash 200ml,Health,85,7,0.05,565.25,46,2027-06-26
2025-05-25,EZ920,Maggi 2-Minute Noodles,Snacks,12,12,0.1,129.6,98,2026-05-25
2025-03-29,EZ796,Dettol Handwash 200ml,Health,85,9,0.0,765.0,84,2027-03-29
2025-06-21,EZ601,Aashirvaad Atta 5kg,Grocery,280,12,0.1,3024.0,28,2025-12-18
2025-04-13,EZ188,Aashirvaad Atta 5kg,Grocery,280,17,0.05,4522.0,20,2025-10-10
2025-05-26,EZ081,Maggi 2-Minute Noodles,Snacks,12,13,0.05,148.2,21,2026-05-26
2025-04-14,EZ327,Maggi 2-Minute Noodles,Snacks,12,7,0.05,79.8,62,2026-04-14
2025-04-23,EZ106,Dettol Handwash 200ml,Health,85,1,0.1,76.5,52,2027-04-23
2025-05-13,EZ836,Dove Soap 75g,Personal Care,40,4,0.0,160.0,12,2027-05-13
2025-04-06,EZ645,Fortune Sunflower Oil 1L,Grocery,160,2,0.1,288.0,21,2025-10-03
2025-04-24,EZ695,Mother Dairy Milk 1L,Dairy,60,4,0.1,216.0,91,2025-05-04
2025-05-30,EZ559,Fortune Sunflower Oil 1L,Grocery,160,15,0.0,2400.0,58,2025-11-26
2025-04-12,EZ172,Amul Butter 500g,Dairy,250,11,0.1,2475.0,74,2025-07-11
2025-05-19,EZ696,Fortune Sunflower Oil 1L,Grocery,160,13,0.05,1976.0,63,2025-11-15
2025-03-28,EZ460,Amul Butter 500g,Dairy,250,4,0.0,1000.0,47,2025-06-26
2025-06-14,EZ197,Maggi 2-Minute Noodles,Snacks,12,12,0.05,136.8,21,2026-06-14
2025-05-28,EZ578,Amul Butter 500g,Dairy,250,3,0.0,750.0,8,2025-08-26
2025-05-13,EZ259,Fortune Sunflower Oil 1L,Grocery,160,5,0.05,760.0,26,2025-11-09
2025-06-03,EZ750,Dabur Honey 250g,Health,110,1,0.0,110.0,12,2027-06-03
2025-06-03,EZ174,Tata Salt 1kg,Grocery,25,3,0.1,67.5,1,2026-06-03
2025-05-09,EZ762,Maggi 2-Minute Noodles,Snacks,12,20,0.1,216.0,57,2026-05-09
2025-04-13,EZ180,Dove Soap 75g,Personal Care,40,5,0.05,190.0,72,2027-04-13
2025-05-28,EZ793,Mother Dairy Milk 1L,Dairy,60,8,0.0,480.0,58,2025-06-07
2025-06-01,EZ629,Amul Butter 500g,Dairy,250,19,0.0,4750.0,16,2025-08-30
2025-06-07,EZ685,Dove Soap 75g,Personal Care,40,9,0.0,360.0,48,2027-06-07
2025-05-04,EZ566,Mother Dairy Milk 1L,Dairy,60,13,0.05,741.0,78,2025-05-14
2025-06-16,EZ450,Amul Butter 500g,Dairy,250,13,0.0,3250.0,28,2025-09-14
2025-06-08,EZ963,Amul Butter 500g,Dairy,250,17,0.0,4250.0,28,2025-09-06
2025-05-13,EZ401,Fortune Sunflower Oil 1L,Grocery,160,5,0.1,720.0,94,2025-11-09
2025-04-27,EZ325,Dettol Handwash 200ml,Health,85,11,0.1,841.5,85,2027-04-27
2025-05-24,EZ664,Maggi 2-Minute Noodles,Snacks,12,5,0.05,57.0,11,2026-05-24
2025-04-02,EZ937,Dove Soap 75g,Personal Care,40,6,0.05,228.0,62,2027-04-02
2025-03-31,EZ916,Maggi 2-Minute Noodles,Snacks,12,8,0.1,86.4,100,2026-03-31
2025-03-30,EZ371,Colgate Toothpaste 100g,Personal Care,55,17,0.0,935.0,40,2027-03-30
2025-06-04,EZ209,Colgate Toothpaste 100g,Personal Care,55,14,0.05,731.5,9,2027-06-04
2025-04-12,EZ416,Colgate Toothpaste 100g,Personal Care,55,19,0.1,940.5,31,2027-04-12
2025-06-17,EZ167,Tata Salt 1kg,Grocery,25,4,0.0,100.0,62,2026-06-17
2025-06-02,EZ973,Colgate Toothpaste 100g,Personal Care,55,2,0.1,99.0,69,2027-06-02
2025-04-23,EZ450,Amul Butter 500g,Dairy,250,10,0.1,2250.0,62,2025-07-22
2025-05-04,EZ250,Dove Soap 75g,Personal Care,40,14,0.05,532.0,92,2027-05-04
2025-06-01,EZ590,Amul Butter 500g,Dairy,250,4,0.1,900.0,25,2025-08-30
2025-06-25,EZ725,Dove Soap 75g,Personal Care,40,20,0.1,720.0,3,2027-06-25
2025-04-20,EZ172,Maggi 2-Minute Noodles,Snacks,12,15,0.1,162.0,71,2026-04-20
2025-05-26,EZ534,Dabur Honey 250g,Health,110,8,0.05,836.0,23,2027-05-26
2025-06-27,EZ050,Maggi 2-Minute Noodles,Snacks,12,8,0.0,96.0,62,2026-06-27
2025-06-20,EZ295,Dove Soap 75g,Personal Care,40,10,0.05,380.0,50,2027-06-20
2025-04-28,EZ390,Fortune Sunflower Oil 1L,Grocery,160,13,0.0,2080.0,35,2025-10-25
2025-04-09,EZ844,Maggi 2-Minute Noodles,Snacks,12,4,0.0,48.0,10,2026-04-09
2025-04-20,EZ718,Dove Soap 75g,Personal Care,40,11,0.05,418.0,93,2027-04-20
2025-06-14,EZ900,Mother Dairy Milk 1L,Dairy,60,19,0.05,1083.0,24,2025-06-24
2025-04-11,EZ423,Aashirvaad Atta 5kg,Grocery,280,8,0.0,2240.0,13,2025-10-08
2025-06-01,EZ084,Fortune Sunflower Oil 1L,Grocery,160,3,0.05,456.0,9,2025-11-28
2025-04-26,EZ289,Mother Dairy Milk 1L,Dairy,60,16,0.1,864.0,22,2025-05-06
2025-06-08,EZ823,Maggi 2-Minute Noodles,Snacks,12,5,0.0,60.0,66,2026-06-08
2025-05-06,EZ159,Dettol Handwash 200ml,Health,85,20,0.0,1700.0,27,2027-05-06
2025-05-23,EZ370,Colgate Toothpaste 100g,Personal Care,55,3,0.05,156.75,12,2027-05-23
2025-04-25,EZ886,Mother Dairy Milk 1L,Dairy,60,18,0.0,1080.0,69,2025-05-05
2025-06-25,EZ373,Tata Salt 1kg,Grocery,25,3,0.1,67.5,16,2026-06-25
2025-03-29,EZ895,Maggi 2-Minute Noodles,Snacks,12,2,0.1,21.6,23,2026-03-29
2025-04-04,EZ430,Dabur Honey 250g,Health,110,11,0.05,1149.5,85,2027-04-04
2025-04-30,EZ298,Colgate Toothpaste 100g,Personal Care,55,7,0.05,365.75,58,2027-04-30
2025-05-05,EZ409,Aashirvaad Atta 5kg,Grocery,280,2,0.0,560.0,27,2025-11-01
2025-03-30,EZ487,Mother Dairy Milk 1L,Dairy,60,7,0.1,378.0,46,2025-04-09
2025-05-12,EZ197,Colgate Toothpaste 100g,Personal Care,55,14,0.05,731.5,4,2027-05-12
2025-04-18,EZ141,Aashirvaad Atta 5kg,Grocery,280,12,0.0,3360.0,23,2025-10-15
2025-06-06,EZ613,Maggi 2-Minute Noodles,Snacks,12,5,0.05,57.0,73,2026-06-06
2025-04-13,EZ638,Mother Dairy Milk 1L,Dairy,60,10,0.1,540.0,92,2025-04-23
2025-04-05,EZ224,Dove Soap 75g,Personal Care,40,18,0.1,648.0,31,2027-04-05
2025-05-03,EZ892,Colgate Toothpaste 100g,Personal Care,55,10,0.0,550.0,91,2027-05-03
2025-04-06,EZ204,Dabur Honey 250g,Health,110,8,0.1,792.0,42,2027-04-06
2025-04-07,EZ851,Maggi 2-Minute Noodles,Snacks,12,17,0.05,193.8,76,2026-04-07
2025-04-23,EZ251,Aashirvaad Atta 5kg,Grocery,280,5,0.1,1260.0,84,2025-10-20
2025-04-01,EZ802,Colgate Toothpaste 100g,Personal Care,55,7,0.0,385.0,55,2027-04-01
2025-04-27,EZ752,Mother Dairy Milk 1L,Dairy,60,9,0.05,513.0,72,2025-05-07
2025-04-04,EZ791,Fortune Sunflower Oil 1L,Grocery,160,17,0.0,2720.0,45,2025-10-01
2025-05-29,EZ635,Tata Salt 1kg,Grocery,25,17,0.0,425.0,49,2026-05-29
2025-05-14,EZ561,Colgate Toothpaste 100g,Personal Care,55,18,0.1,891.0,95,2027-05-14
2025-06-03,EZ937,Dove Soap 75g,Personal Care,40,13,0.1,468.0,58,2027-06-03
2025-04-03,EZ496,Mother Dairy Milk 1L,Dairy,60,6,0.1,324.0,89,2025-04-13
2025-05-05,EZ577,Dove Soap 75g,Personal Care,40,8,0.1,288.0,44,2027-05-05
2025-06-14,EZ846,Aashirvaad Atta 5kg,Grocery,280,10,0.05,2660.0,43,2025-12-11
2025-04-15,EZ868,Fortune Sunflower Oil 1L,Grocery,160,3,0.0,480.0,75,2025-10-12
2025-03-29,EZ142,Amul Butter 500g,Dairy,250,11,0.0,2750.0,29,2025-06-27
2025-06-24,EZ789,Mother Dairy Milk 1L,Dairy,60,16,0.05,912.0,4,2025-07-04
2025-05-01,EZ863,Amul Butter 500g,Dairy,250,11,0.0,2750.0,28,2025-07-30
2025-04-11,EZ621,Dabur Honey 250g,Health,110,12,0.0,1320.0,79,2027-04-11
2025-06-19,EZ761,Amul Butter 500g,Dairy,250,1,0.0,250.0,43,2025-09-17
2025-06-19,EZ052,Aashirvaad Atta 5kg,Grocery,280,3,0.1,756.0,81,2025-12-16
2025-04-01,EZ959,Maggi 2-Minute Noodles,Snacks,12,18,0.0,216.0,71,2026-04-01
2025-04-22,EZ242,Tata Salt 1kg,Grocery,25,12,0.0,300.0,8,2026-04-22
2025-05-24,EZ488,Dettol Handwash 200ml,Health,85,17,0.0,1445.0,99,2027-05-24
2025-06-12,EZ112,Mother Dairy Milk 1L,Dairy,60,14,0.05,798.0,21,2025-06-22
2025-04-21,EZ575,Tata Salt 1kg,Grocery,25,19,0.05,451.25,17,2026-04-21
2025-04-07,EZ884,Maggi 2-Minute Noodles,Snacks,12,4,0.05,45.6,77,2026-04-07
2025-04-19,EZ298,Amul Butter 500g,Dairy,250,14,0.05,3325.0,16,2025-07-18
2025-05-15,EZ443,Tata Salt 1kg,Grocery,25,11,0.05,261.25,88,2026-05-15
2025-04-26,EZ508,Dabur Honey 250g,Health,110,13,0.0,1430.0,64,2027-04-26
2025-04-29,EZ598,Tata Salt 1kg,Grocery,25,14,0.1,315.0,25,2026-04-29
2025-04-15,EZ453,Maggi 2-Minute Noodles,Snacks,12,9,0.1,97.2,9,2026-04-15
2025-05-22,EZ926,Mother Dairy Milk 1L,Dairy,60,7,0.0,420.0,9,2025-06-01
2025-04-12,EZ172,Aashirvaad Atta 5kg,Grocery,280,19,0.1,4788.0,41,2025-10-09
2025-05-15,EZ972,Dettol Handwash 200ml,Health,85,14,0.1,1071.0,57,2027-05-15
2025-05-02,EZ444,Dove Soap 75g,Personal Care,40,9,0.05,342.0,52,2027-05-02
2025-04-28,EZ885,Aashirvaad Atta 5kg,Grocery,280,19,0.05,5054.0,97,2025-10-25
2025-04-09,EZ880,Tata Salt 1kg,Grocery,25,13,0.0,325.0,27,2026-04-09
2025-06-08,EZ576,Dove Soap 75g,Personal Care,40,13,0.05,494.0,31,2027-06-08
2025-06-25,EZ336,Fortune Sunflower Oil 1L,Grocery,160,10,0.0,1600.0,97,2025-12-22
2025-04-30,EZ369,Dabur Honey 250g,Health,110,8,0.05,836.0,63,2027-04-30
2025-06-04,EZ632,Colgate Toothpaste 100g,Personal Care,55,1,0.1,49.5,62,2027-06-04
2025-06-07,EZ929,Amul Butter 500g,Dairy,250,7,0.05,1662.5,98,2025-09-05
2025-05-02,EZ141,Dettol Handwash 200ml,Health,85,11,0.0,935.0,24,2027-05-02
2025-05-14,EZ265,Dettol Handwash 200ml,Health,85,8,0.0,680.0,24,2027-05-14
2025-06-21,EZ634,Amul Butter 500g,Dairy,250,3,0.0,750.0,96,2025-09-19
2025-06-06,EZ098,Colgate Toothpaste 100g,Personal Care,55,19,0.05,992.75,75,2027-06-06
2025-04-26,EZ514,Aashirvaad Atta 5kg,Grocery,280,5,0.05,1330.0,98,2025-10-23
2025-03-28,EZ646,Dettol Handwash 200ml,Health,85,2,0.0,170.0,72,2027-03-28
2025-05-06,EZ730,Dettol Handwash 200ml,Health,85,14,0.0,1190.0,32,2027-05-06
2025-05-26,EZ042,Fortune Sunflower Oil 1L,Grocery,160,11,0.0,1760.0,58,2025-11-22
2025-05-08,EZ038,Amul Butter 500g,Dairy,250,17,0.05,4037.5,70,2025-08-06
2025-05-28,EZ076,Colgate Toothpaste 100g,Personal Care,55,7,0.1,346.5,52,2027-05-28
2025-04-11,EZ935,Aashirvaad Atta 5kg,Grocery,280,7,0.1,1764.0,18,2025-10-08
2025-03-28,EZ565,Dettol Handwash 200ml,Health,85,18,0.05,1453.5,37,2027-03-28
2025-06-07,EZ587,Amul Butter 500g,Dairy,250,11,0.1,2475.0,38,2025-09-05
2025-04-10,EZ726,Dove Soap 75g,Personal Care,40,11,0.1,396.0,30,2027-04-10
2025-05-07,EZ136,Maggi 2-Minute Noodles,Snacks,12,7,0.1,75.6,17,2026-05-07
2025-06-08,EZ372,Amul Butter 500g,Dairy,250,14,0.05,3325.0,39,2025-09-06
2025-05-27,EZ463,Amul Butter 500g,Dairy,250,1,0.05,237.5,31,2025-08-25
2025-05-16,EZ811,Dabur Honey 250g,Health,110,2,0.1,198.0,49,2027-05-16
2025-06-13,EZ043,Dettol Handwash 200ml,Health,85,20,0.05,1615.0,14,2027-06-13
2025-03-30,EZ124,Maggi 2-Minute Noodles,Snacks,12,14,0.1,151.2,41,2026-03-30
2025-05-22,EZ157,Dettol Handwash 200ml,Health,85,20,0.05,1615.0,85,2027-05-22
2025-05-08,EZ246,Maggi 2-Minute Noodles,Snacks,12,11,0.1,118.8,5,2026-05-08
2025-06-05,EZ399,Maggi 2-Minute Noodles,Snacks,12,2,0.05,22.8,66,2026-06-05
2025-05-11,EZ466,Colgate Toothpaste 100g,Personal Care,55,17,0.05,888.25,76,2027-05-11
2025-06-14,EZ714,Colgate Toothpaste 100g,Personal Care,55,13,0.05,679.25,33,2027-06-14
2025-05-08,EZ243,Mother Dairy Milk 1L,Dairy,60,17,0.05,969.0,80,2025-05-18
2025-04-23,EZ646,Dove Soap 75g,Personal Care,40,20,0.1,720.0,87,2027-04-23
2025-04-28,EZ399,Maggi 2-Minute Noodles,Snacks,12,15,0.0,180.0,74,2026-04-28
2025-06-16,EZ703,Mother Dairy Milk 1L,Dairy,60,5,0.1,270.0,14,2025-06-26
2025-06-12,EZ615,Fortune Sunflower Oil 1L,Grocery,160,5,0.1,720.0,17,2025-12-09
2025-06-18,EZ596,Dettol Handwash 200ml,Health,85,10,0.0,850.0,41,2027-06-18
2025-05-01,EZ654,Dabur Honey 250g,Health,110,10,0.1,990.0,62,2027-05-01
2025-06-17,EZ702,Maggi 2-Minute Noodles,Snacks,12,12,0.0,144.0,23,2026-06-17
2025-03-30,EZ250,Aashirvaad Atta 5kg,Grocery,280,20,0.05,5320.0,99,2025-09-26
2025-06-02,EZ022,Aashirvaad Atta 5kg,Grocery,280,12,0.0,3360.0,71,2025-11-29
2025-04-01,EZ082,Amul Butter 500g,Dairy,250,9,0.1,2025.0,11,2025-06-30
2025-04-17,EZ490,Amul Butter 500g,Dairy,250,18,0.1,4050.0,34,2025-07-16
2025-05-13,EZ993,Amul Butter 500g,Dairy,250,16,0.1,3600.0,3,2025-08-11
2025-04-13,EZ191,Dettol Handwash 200ml,Health,85,1,0.0,85.0,98,2027-04-13
2025-04-28,EZ747,Maggi 2-Minute Noodles,Snacks,12,13,0.0,156.0,83,2026-04-28
2025-05-02,EZ281,Tata Salt 1kg,Grocery,25,8,0.05,190.0,61,2026-05-02
2025-06-24,EZ662,Aashirvaad Atta 5kg,Grocery,280,19,0.0,5320.0,84,2025-12-21
2025-04-09,EZ973,Aashirvaad Atta 5kg,Grocery,280,13,0.0,3640.0,21,2025-10-06
2025-06-07,EZ186,Amul Butter 500g,Dairy,250,16,0.0,4000.0,81,2025-09-05
2025-05-01,EZ379,Mother Dairy Milk 1L,Dairy,60,15,0.0,900.0,3,2025-05-11
2025-06-08,EZ415,Fortune Sunflower Oil 1L,Grocery,160,2,0.1,288.0,62,2025-12-05
2025-04-26,EZ300,Dettol Handwash 200ml,Health,85,3,0.1,229.5,61,2027-04-26
2025-05-15,EZ529,Fortune Sunflower Oil 1L,Grocery,160,15,0.0,2400.0,17,2025-11-11
2025-04-24,EZ722,Tata Salt 1kg,Grocery,25,16,0.0,400.0,72,2026-04-24
2025-04-19,EZ002,Dove Soap 75g,Personal Care,40,19,0.05,722.0,80,2027-04-19
2025-05-31,EZ674,Colgate Toothpaste 100g,Personal Care,55,8,0.0,440.0,27,2027-05-31
2025-05-10,EZ219,Dettol Handwash 200ml,Health,85,18,0.05,1453.5,57,2027-05-10
2025-04-16,EZ385,Maggi 2-Minute Noodles,Snacks,12,17,0.05,193.8,45,2026-04-16
2025-05-11,EZ195,Dabur Honey 250g,Health,110,9,0.0,990.0,10,2027-05-11
2025-05-11,EZ325,Aashirvaad Atta 5kg,Grocery,280,13,0.05,3458.0,20,2025-11-07
2025-04-10,EZ974,Dettol Handwash 200ml,Health,85,2,0.1,153.0,22,2027-04-10
2025-04-21,EZ505,Tata Salt 1kg,Grocery,25,17,0.05,403.75,74,2026-04-21
2025-05-06,EZ772,Dove Soap 75g,Personal Care,40,7,0.1,252.0,77,2027-05-06
2025-05-02,EZ404,Dove Soap 75g,Personal Care,40,17,0.05,646.0,34,2027-05-02
2025-05-13,EZ401,Dabur Honey 250g,Health,110,1,0.0,110.0,2,2027-05-13
2025-04-08,EZ070,Fortune Sunflower Oil 1L,Grocery,160,11,0.0,1760.0,38,2025-10-05
2025-05-21,EZ551,Dove Soap 75g,Personal Care,40,17,0.05,646.0,64,2027-05-21
2025-06-22,EZ466,Maggi 2-Minute Noodles,Snacks,12,10,0.0,120.0,95,2026-06-22
2025-05-08,EZ243,Colgate Toothpaste 100g,Personal Care,55,13,0.0,715.0,34,2027-05-08
2025-06-14,EZ604,Dettol Handwash 200ml,Health,85,1,0.0,85.0,25,2027-06-14
2025-04-02,EZ245,Dove Soap 75g,Personal Care,40,12,0.05,456.0,48,2027-04-02
2025-05-02,EZ542,Aashirvaad Atta 5kg,Grocery,280,11,0.0,3080.0,9,2025-10-29
2025-06-26,EZ011,Dettol Handwash 200ml,Health,85,17,0.05,1372.75,13,2027-06-26
2025-04-28,EZ502,Maggi 2-Minute Noodles,Snacks,12,12,0.0,144.0,38,2026-04-28
2025-06-02,EZ441,Maggi 2-Minute Noodles,Snacks,12,15,0.05,171.0,56,2026-06-02
2025-04-12,EZ215,Aashirvaad Atta 5kg,Grocery,280,3,0.05,798.0,20,2025-10-09
2025-03-29,EZ215,Tata Salt 1kg,Grocery,25,7,0.0,175.0,35,2026-03-29
2025-06-18,EZ185,Aashirvaad Atta 5kg,Grocery,280,16,0.1,4032.0,82,2025-12-15
2025-05-15,EZ433,Dettol Handwash 200ml,Health,85,19,0.0,1615.0,26,2027-05-15
2025-05-07,EZ106,Dettol Handwash 200ml,Health,85,19,0.0,1615.0,12,2027-05-07
2025-05-17,EZ693,Dove Soap 75g,Personal Care,40,18,0.1,648.0,62,2027-05-17
2025-06-24,EZ159,Aashirvaad Atta 5kg,Grocery,280,17,0.1,4284.0,48,2025-12-21
2025-04-12,EZ330,Tata Salt 1kg,Grocery,25,11,0.0,275.0,35,2026-04-12
2025-05-07,EZ791,Dove Soap 75g,Personal Care,40,3,0.05,114.0,67,2027-05-07
2025-05-07,EZ194,Fortune Sunflower Oil 1L,Grocery,160,19,0.0,3040.0,77,2025-11-03
2025-05-19,EZ936,Dettol Handwash 200ml,Health,85,11,0.05,888.25,4,2027-05-19
2025-04-28,EZ499,Amul Butter 500g,Dairy,250,10,0.1,2250.0,93,2025-07-27
2025-06-15,EZ049,Dove Soap 75g,Personal Care,40,13,0.05,494.0,41,2027-06-15
2025-06-21,EZ411,Dove Soap 75g,Personal Care,40,20,0.1,720.0,94,2027-06-21
2025-05-20,EZ825,Maggi 2-Minute Noodles,Snacks,12,12,0.1,129.6,35,2026-05-20
2025-03-31,EZ816,Fortune Sunflower Oil 1L,Grocery,160,20,0.1,2880.0,70,2025-09-27
2025-05-05,EZ319,Tata Salt 1kg,Grocery,25,12,0.1,270.0,29,2026-05-05
2025-04-05,EZ325,Mother Dairy Milk 1L,Dairy,60,10,0.1,540.0,1,2025-04-15
2025-05-17,EZ202,Amul Butter 500g,Dairy,250,12,0.05,2850.0,36,2025-08-15
2025-05-25,EZ241,Tata Salt 1kg,Grocery,25,4,0.05,95.0,72,2026-05-25
2025-05-12,EZ101,Aashirvaad Atta 5kg,Grocery,280,13,0.05,3458.0,65,2025-11-08
2025-04-15,EZ678,Aashirvaad Atta 5kg,Grocery,280,14,0.05,3724.0,79,2025-10-12
2025-06-05,EZ771,Dabur Honey 250g,Health,110,4,0.05,418.0,19,2027-06-05
2025-04-23,EZ202,Dove Soap 75g,Personal Care,40,18,0.05,684.0,70,2027-04-23
2025-04-30,EZ767,Aashirvaad Atta 5kg,Grocery,280,14,0.0,3920.0,5,2025-10-27
2025-04-21,EZ935,Dabur Honey 250g,Health,110,11,0.05,1149.5,53,2027-04-21
2025-05-28,EZ687,Fortune Sunflower Oil 1L,Grocery,160,11,0.0,1760.0,38,2025-11-24
2025-05-31,EZ189,Colgate Toothpaste 100g,Personal Care,55,1,0.1,49.5,44,2027-05-31
2025-06-12,EZ895,Maggi 2-Minute Noodles,Snacks,12,12,0.1,129.6,80,2026-06-12
2025-05-20,EZ510,Dabur Honey 250g,Health,110,12,0.05,1254.0,64,2027-05-20
2025-04-17,EZ101,Maggi 2-Minute Noodles,Snacks,12,8,0.1,86.4,80,2026-04-17
2025-06-19,EZ008,Dettol Handwash 200ml,Health,85,15,0.0,1275.0,79,2027-06-19
2025-06-04,EZ087,Dabur Honey 250g,Health,110,17,0.1,1683.0,41,2027-06-04
2025-04-12,EZ031,Dove Soap 75g,Personal Care,40,17,0.0,680.0,18,2027-04-12
2025-04-26,EZ643,Colgate Toothpaste 100g,Personal Care,55,16,0.0,880.0,1,2027-04-26
2025-05-21,EZ609,Colgate Toothpaste 100g,Personal Care,55,6,0.05,313.5,59,2027-05-21
2025-04-10,EZ761,Amul Butter 500g,Dairy,250,15,0.05,3562.5,19,2025-07-09
2025-04-21,EZ786,Maggi 2-Minute Noodles,Snacks,12,17,0.05,193.8,68,2026-04-21
2025-04-22,EZ700,Aashirvaad Atta 5kg,Grocery,280,7,0.05,1862.0,41,2025-10-19
2025-05-17,EZ363,Dettol Handwash 200ml,Health,85,14,0.1,1071.0,26,2027-05-17
2025-06-18,EZ758,Mother Dairy Milk 1L,Dairy,60,5,0.05,285.0,47,2025-06-28
2025-06-05,EZ899,Colgate Toothpaste 100g,Personal Care,55,2,0.05,104.5,75,2027-06-05
2025-06-17,EZ151,Dove Soap 75g,Personal Care,40,20,0.1,720.0,21,2027-06-17
2025-04-06,EZ213,Tata Salt 1kg,Grocery,25,4,0.05,95.0,90,2026-04-06
2025-04-10,EZ483,Tata Salt 1kg,Grocery,25,5,0.0,125.0,15,2026-04-10
2025-06-27,EZ600,Colgate Toothpaste 100g,Personal Care,55,9,0.0,495.0,52,2027-06-27
2025-05-07,EZ384,Tata Salt 1kg,Grocery,25,18,0.1,405.0,65,2026-05-07
2025-05-08,EZ258,Tata Salt 1kg,Grocery,25,17,0.0,425.0,80,2026-05-08
2025-05-29,EZ187,Mother Dairy Milk 1L,Dairy,60,14,0.1,756.0,39,2025-06-08
2025-04-24,EZ533,Fortune Sunflower Oil 1L,Grocery,160,1,0.1,144.0,95,2025-10-21
2025-04-15,EZ375,Mother Dairy Milk 1L,Dairy,60,7,0.1,378.0,64,2025-04-25
2025-05-01,EZ362,Aashirvaad Atta 5kg,Grocery,280,19,0.1,4788.0,0,2025-10-28
2025-05-08,EZ507,Colgate Toothpaste 100g,Personal Care,55,16,0.0,880.0,10,2027-05-08
2025-06-18,EZ932,Tata Salt 1kg,Grocery,25,4,0.05,95.0,40,2026-06-18
2025-06-11,EZ756,Dove Soap 75g,Personal Care,40,15,0.0,600.0,67,2027-06-11
2025-06-27,EZ118,Amul Butter 500g,Dairy,250,3,0.1,675.0,14,2025-09-25
2025-05-05,EZ735,Amul Butter 500g,Dairy,250,18,0.05,4275.0,9,2025-08-03
2025-06-25,EZ109,Tata Salt 1kg,Grocery,25,20,0.1,450.0,59,2026-06-25
2025-04-11,EZ707,Tata Salt 1kg,Grocery,25,1,0.05,23.75,68,2026-04-11
2025-06-01,EZ409,Aashirvaad Atta 5kg,Grocery,280,1,0.05,266.0,50,2025-11-28
2025-06-19,EZ595,Colgate Toothpaste 100g,Personal Care,55,1,0.1,49.5,85,2027-06-19
2025-06-21,EZ551,Colgate Toothpaste 100g,Personal Care,55,19,0.05,992.75,16,2027-06-21
2025-06-26,EZ617,Maggi 2-Minute Noodles,Snacks,12,5,0.05,57.0,94,2026-06-26
2025-04-20,EZ674,Maggi 2-Minute Noodles,Snacks,12,6,0.1,64.8,91,2026-04-20
2025-05-23,EZ352,Dove Soap 75g,Personal Care,40,8,0.0,320.0,33,2027-05-23
2025-04-24,EZ951,Amul Butter 500g,Dairy,250,5,0.0,1250.0,80,2025-07-23
2025-06-05,EZ469,Dabur Honey 250g,Health,110,18,0.1,1782.0,21,2027-06-05
2025-05-18,EZ444,Colgate Toothpaste 100g,Personal Care,55,1,0.1,49.5,83,2027-05-18
2025-06-12,EZ870,Aashirvaad Atta 5kg,Grocery,280,19,0.0,5320.0,20,2025-12-09
2025-05-13,EZ727,Fortune Sunflower Oil 1L,Grocery,160,20,0.05,3040.0,78,2025-11-09
2025-06-19,EZ437,Fortune Sunflower Oil 1L,Grocery,160,8,0.0,1280.0,24,2025-12-16
2025-03-31,EZ491,Mother Dairy Milk 1L,Dairy,60,20,0.05,1140.0,80,2025-04-10
2025-06-11,EZ895,Aashirvaad Atta 5kg,Grocery,280,12,0.1,3024.0,9,2025-12-08
2025-05-18,EZ235,Amul Butter 500g,Dairy,250,11,0.05,2612.5,92,2025-08-16
2025-04-20,EZ272,Mother Dairy Milk 1L,Dairy,60,8,0.1,432.0,6,2025-04-30
2025-04-13,EZ033,Fortune Sunflower Oil 1L,Grocery,160,8,0.05,1216.0,34,2025-10-10
2025-05-13,EZ877,Mother Dairy Milk 1L,Dairy,60,11,0.05,627.0,55,2025-05-23
2025-06-26,EZ455,Colgate Toothpaste 100g,Personal Care,55,11,0.1,544.5,16,2027-06-26
2025-04-03,EZ132,Aashirvaad Atta 5kg,Grocery,280,8,0.0,2240.0,62,2025-09-30
2025-05-08,EZ725,Aashirvaad Atta 5kg,Grocery,280,5,0.05,1330.0,33,2025-11-04
2025-05-06,EZ142,Fortune Sunflower Oil 1L,Grocery,160,1,0.0,160.0,89,2025-11-02
2025-05-01,EZ789,Maggi 2-Minute Noodles,Snacks,12,2,0.05,22.8,66,2026-05-01
2025-04-07,EZ893,Mother Dairy Milk 1L,Dairy,60,7,0.1,378.0,93,2025-04-17
2025-05-12,EZ488,Mother Dairy Milk 1L,Dairy,60,1,0.1,54.0,0,2025-05-22
2025-04-19,EZ843,Tata Salt 1kg,Grocery,25,11,0.05,261.25,79,2026-04-19
2025-06-27,EZ441,Fortune Sunflower Oil 1L,Grocery,160,20,0.1,2880.0,41,2025-12-24
2025-04-18,EZ651,Colgate Toothpaste 100g,Personal Care,55,14,0.1,693.0,8,2027-04-18
2025-06-16,EZ614,Amul Butter 500g,Dairy,250,15,0.1,3375.0,34,2025-09-14
2025-03-31,EZ803,Colgate Toothpaste 100g,Personal Care,55,8,0.05,418.0,5,2027-03-31
2025-05-31,EZ603,Tata Salt 1kg,Grocery,25,12,0.05,285.0,63,2026-05-31
2025-05-05,EZ017,Colgate Toothpaste 100g,Personal Care,55,9,0.05,470.25,19,2027-05-05
2025-04-26,EZ218,Dove Soap 75g,Personal Care,40,14,0.05,532.0,32,2027-04-26
2025-04-28,EZ919,Mother Dairy Milk 1L,Dairy,60,13,0.05,741.0,76,2025-05-08
2025-06-10,EZ914,Colgate Toothpaste 100g,Personal Care,55,9,0.1,445.5,38,2027-06-10
2025-06-21,EZ679,Amul Butter 500g,Dairy,250,12,0.1,2700.0,77,2025-09-19
2025-06-20,EZ263,Dabur Honey 250g,Health,110,18,0.0,1980.0,57,2027-06-20
2025-05-01,EZ344,Dabur Honey 250g,Health,110,19,0.0,2090.0,54,2027-05-01
2025-06-17,EZ008,Amul Butter 500g,Dairy,250,17,0.1,3825.0,61,2025-09-15
2025-06-19,EZ492,Dabur Honey 250g,Health,110,5,0.1,495.0,85,2027-06-19
2025-04-18,EZ870,Mother Dairy Milk 1L,Dairy,60,11,0.1,594.0,10,2025-04-28
2025-06-09,EZ995,Fortune Sunflower Oil 1L,Grocery,160,13,0.0,2080.0,3,2025-12-06
2025-04-23,EZ612,Mother Dairy Milk 1L,Dairy,60,18,0.1,972.0,31,2025-05-03
2025-06-26,EZ339,Fortune Sunflower Oil 1L,Grocery,160,9,0.1,1296.0,85,2025-12-23
2025-06-23,EZ403,Dabur Honey 250g,Health,110,10,0.05,1045.0,43,2027-06-23
2025-05-27,EZ406,Mother Dairy Milk 1L,Dairy,60,9,0.0,540.0,88,2025-06-06
2025-04-05,EZ636,Dettol Handwash 200ml,Health,85,7,0.0,595.0,95,2027-04-05
2025-06-21,EZ502,Amul Butter 500g,Dairy,250,5,0.1,1125.0,86,2025-09-19
2025-06-13,EZ613,Maggi 2-Minute Noodles,Snacks,12,5,0.0,60.0,66,2026-06-13
2025-05-07,EZ906,Amul Butter 500g,Dairy,250,9,0.0,2250.0,86,2025-08-05
2025-06-11,EZ076,Colgate Toothpaste 100g,Personal Care,55,19,0.1,940.5,44,2027-06-11
2025-06-09,EZ799,Maggi 2-Minute Noodles,Snacks,12,15,0.1,162.0,82,2026-06-09
2025-05-31,EZ408,Tata Salt 1kg,Grocery,25,9,0.1,202.5,41,2026-05-31
2025-06-13,EZ050,Dabur Honey 250g,Health,110,14,0.1,1386.0,29,2027-06-13
2025-04-13,EZ938,Dettol Handwash 200ml,Health,85,3,0.0,255.0,55,2027-04-13
2025-06-12,EZ982,Mother Dairy Milk 1L,Dairy,60,19,0.1,1026.0,34,2025-06-22
2025-05-26,EZ769,Fortune Sunflower Oil 1L,Grocery,160,2,0.05,304.0,42,2025-11-22
2025-06-27,EZ305,Mother Dairy Milk 1L,Dairy,60,16,0.05,912.0,44,2025-07-07
2025-06-14,EZ800,Fortune Sunflower Oil 1L,Grocery,160,8,0.0,1280.0,86,2025-12-11
2025-04-04,EZ065,Amul Butter 500g,Dairy,250,19,0.05,4512.5,43,2025-07-03
2025-04-02,EZ715,Tata Salt 1kg,Grocery,25,4,0.05,95.0,92,2026-04-02
2025-05-18,EZ507,Mother Dairy Milk 1L,Dairy,60,2,0.0,120.0,67,2025-05-28
2025-04-18,EZ049,Aashirvaad Atta 5kg,Grocery,280,16,0.05,4256.0,11,2025-10-15
2025-04-13,EZ148,Mother Dairy Milk 1L,Dairy,60,13,0.05,741.0,35,2025-04-23
2025-05-23,EZ579,Tata Salt 1kg,Grocery,25,7,0.0,175.0,28,2026-05-23
2025-04-29,EZ796,Fortune Sunflower Oil 1L,Grocery,160,16,0.1,2304.0,33,2025-10-26
2025-06-02,EZ911,Amul Butter 500g,Dairy,250,13,0.05,3087.5,53,2025-08-31
2025-04-19,EZ969,Amul Butter 500g,Dairy,250,4,0.1,900.0,78,2025-07-18
2025-04-11,EZ663,Mother Dairy Milk 1L,Dairy,60,8,0.05,456.0,61,2025-04-21
2025-06-10,EZ537,Dabur Honey 250g,Health,110,13,0.1,1287.0,8,2027-06-10
2025-06-22,EZ307,Maggi 2-Minute Noodles,Snacks,12,5,0.05,57.0,27,2026-06-22
2025-04-14,EZ612,Tata Salt 1kg,Grocery,25,17,0.1,382.5,58,2026-04-14
2025-05-21,EZ191,Dettol Handwash 200ml,Health,85,14,0.05,1130.5,78,2027-05-21
2025-05-04,EZ306,Colgate Toothpaste 100g,Personal Care,55,6,0.05,313.5,90,2027-05-04
2025-05-30,EZ879,Colgate Toothpaste 100g,Personal Care,55,20,0.1,990.0,41,2027-05-30
2025-05-11,EZ874,Tata Salt 1kg,Grocery,25,10,0.05,237.5,71,2026-05-11
2025-06-18,EZ666,Tata Salt 1kg,Grocery,25,14,0.0,350.0,88,2026-06-18
2025-04-02,EZ567,Aashirvaad Atta 5kg,Grocery,280,17,0.0,4760.0,27,2025-09-29
2025-04-13,EZ279,Colgate Toothpaste 100g,Personal Care,55,8,0.0,440.0,56,2027-04-13
2025-06-09,EZ853,Colgate Toothpaste 100g,Personal Care,55,4,0.05,209.0,2,2027-06-09
2025-05-18,EZ246,Amul Butter 500g,Dairy,250,11,0.0,2750.0,11,2025-08-16
2025-04-07,EZ582,Aashirvaad Atta 5kg,Grocery,280,4,0.0,1120.0,56,2025-10-04
2025-04-11,EZ243,Fortune Sunflower Oil 1L,Grocery,160,4,0.0,640.0,59,2025-10-08
2025-05-13,EZ157,Dettol Handwash 200ml,Health,85,6,0.05,484.5,58,2027-05-13
2025-05-26,EZ164,Mother Dairy Milk 1L,Dairy,60,6,0.0,360.0,21,2025-06-05
2025-04-16,EZ009,Fortune Sunflower Oil 1L,Grocery,160,3,0.05,456.0,83,2025-10-13
2025-04-12,EZ056,Amul Butter 500g,Dairy,250,17,0.0,4250.0,89,2025-07-11
2025-04-04,EZ449,Dettol Handwash 200ml,Health,85,18,0.1,1377.0,55,2027-04-04
2025-04-12,EZ006,Dove Soap 75g,Personal Care,40,13,0.0,520.0,50,2027-04-12
2025-03-29,EZ805,Amul Butter 500g,Dairy,250,12,0.1,2700.0,18,2025-06-27
2025-04-09,EZ098,Amul Butter 500g,Dairy,250,12,0.0,3000.0,35,2025-07-08
2025-06-21,EZ742,Amul Butter 500g,Dairy,250,15,0.0,3750.0,99,2025-09-19
2025-05-11,EZ483,Maggi 2-Minute Noodles,Snacks,12,14,0.1,151.2,60,2026-05-11
2025-04-14,EZ031,Maggi 2-Minute Noodles,Snacks,12,8,0.05,91.2,41,2026-04-14
2025-05-03,EZ481,Dove Soap 75g,Personal Care,40,5,0.05,190.0,1,2027-05-03
2025-03-28,EZ120,Maggi 2-Minute Noodles,Snacks,12,2,0.0,24.0,67,2026-03-28
2025-05-02,EZ938,Dove Soap 75g,Personal Care,40,6,0.1,216.0,19,2027-05-02
2025-05-20,EZ983,Aashirvaad Atta 5kg,Grocery,280,3,0.05,798.0,90,2025-11-16
2025-06-04,EZ592,Maggi 2-Minute Noodles,Snacks,12,18,0.0,216.0,56,2026-06-04
2025-04-24,EZ570,Tata Salt 1kg,Grocery,25,16,0.0,400.0,16,2026-04-24
2025-03-28,EZ045,Colgate Toothpaste 100g,Personal Care,55,10,0.05,522.5,99,2027-03-28
2025-05-13,EZ308,Tata Salt 1kg,Grocery,25,15,0.1,337.5,72,2026-05-13
2025-06-06,EZ636,Dettol Handwash 200ml,Health,85,11,0.1,841.5,55,2027-06-06
2025-06-04,EZ998,Colgate Toothpaste 100g,Personal Care,55,19,0.05,992.75,87,2027-06-04
2025-06-10,EZ128,Maggi 2-Minute Noodles,Snacks,12,6,0.0,72.0,87,2026-06-10
2025-05-05,EZ507,Tata Salt 1kg,Grocery,25,16,0.0,400.0,17,2026-05-05
2025-05-16,EZ701,Colgate Toothpaste 100g,Personal Care,55,17,0.1,841.5,87,2027-05-16
2025-05-30,EZ336,Dove Soap 75g,Personal Care,40,17,0.0,680.0,47,2027-05-30
2025-06-08,EZ535,Aashirvaad Atta 5kg,Grocery,280,18,0.1,4536.0,78,2025-12-05
2025-06-05,EZ401,Maggi 2-Minute Noodles,Snacks,12,2,0.1,21.6,12,2026-06-05
2025-05-09,EZ119,Maggi 2-Minute Noodles,Snacks,12,7,0.1,75.6,93,2026-05-09
2025-04-10,EZ610,Dove Soap 75g,Personal Care,40,18,0.0,720.0,29,2027-04-10
2025-06-20,EZ109,Dabur Honey 250g,Health,110,9,0.1,891.0,23,2027-06-20
2025-05-06,EZ584,Dettol Handwash 200ml,Health,85,6,0.1,459.0,61,2027-05-06
2025-06-23,EZ358,Tata Salt 1kg,Grocery,25,4,0.05,95.0,34,2026-06-23
2025-05-05,EZ913,Mother Dairy Milk 1L,Dairy,60,7,0.05,399.0,58,2025-05-15
2025-06-23,EZ752,Dettol Handwash 200ml,Health,85,2,0.05,161.5,14,2027-06-23
2025-06-27,EZ796,Fortune Sunflower Oil 1L,Grocery,160,19,0.05,2888.0,18,2025-12-24
2025-05-27,EZ360,Dabur Honey 250g,Health,110,5,0.1,495.0,32,2027-05-27
2025-06-15,EZ745,Aashirvaad Atta 5kg,Grocery,280,15,0.0,4200.0,3,2025-12-12
2025-05-22,EZ699,Mother Dairy Milk 1L,Dairy,60,15,0.1,810.0,83,2025-06-01
2025-04-11,EZ373,Aashirvaad Atta 5kg,Grocery,280,14,0.1,3528.0,87,2025-10-08
2025-04-28,EZ348,Colgate Toothpaste 100g,Personal Care,55,1,0.05,52.25,30,2027-04-28
2025-05-04,EZ885,Fortune Sunflower Oil 1L,Grocery,160,15,0.05,2280.0,73,2025-10-31
2025-05-07,EZ647,Fortune Sunflower Oil 1L,Grocery,160,2,0.05,304.0,53,2025-11-03
2025-05-08,EZ725,Maggi 2-Minute Noodles,Snacks,12,16,0.05,182.4,85,2026-05-08
2025-05-13,EZ062,Dettol Handwash 200ml,Health,85,5,0.05,403.75,19,2027-05-13
2025-05-04,EZ500,Aashirvaad Atta 5kg,Grocery,280,1,0.0,280.0,31,2025-10-31
2025-04-04,EZ151,Fortune Sunflower Oil 1L,Grocery,160,12,0.05,1824.0,78,2025-10-01
2025-04-15,EZ522,Mother Dairy Milk 1L,Dairy,60,11,0.0,660.0,50,2025-04-25
2025-04-09,EZ925,Dabur Honey 250g,Health,110,16,0.1,1584.0,29,2027-04-09
2025-06-25,EZ917,Dove Soap 75g,Personal Care,40,9,0.05,342.0,80,2027-06-25
2025-04-12,EZ681,Tata Salt 1kg,Grocery,25,14,0.1,315.0,60,2026-04-12
2025-06-06,EZ304,Dove Soap 75g,Personal Care,40,11,0.0,440.0,8,2027-06-06
2025-06-01,EZ989,Maggi 2-Minute Noodles,Snacks,12,17,0.05,193.8,93,2026-06-01
2025-06-10,EZ355,Fortune Sunflower Oil 1L,Grocery,160,18,0.05,2736.0,71,2025-12-07
2025-04-04,EZ499,Colgate Toothpaste 100g,Personal Care,55,6,0.1,297.0,5,2027-04-04
2025-06-12,EZ731,Amul Butter 500g,Dairy,250,18,0.05,4275.0,1,2025-09-10
2025-05-15,EZ825,Aashirvaad Atta 5kg,Grocery,280,17,0.05,4522.0,83,2025-11-11
2025-05-26,EZ148,Fortune Sunflower Oil 1L,Grocery,160,4,0.05,608.0,28,2025-11-22
2025-06-26,EZ329,Mother Dairy Milk 1L,Dairy,60,16,0.1,864.0,1,2025-07-06
2025-06-04,EZ684,Colgate Toothpaste 100g,Personal Care,55,14,0.0,770.0,93,2027-06-04
2025-05-27,EZ681,Tata Salt 1kg,Grocery,25,7,0.1,157.5,63,2026-05-27
2025-05-04,EZ109,Amul Butter 500g,Dairy,250,6,0.05,1425.0,25,2025-08-02
2025-06-08,EZ851,Dove Soap 75g,Personal Care,40,2,0.1,72.0,95,2027-06-08
2025-06-19,EZ870,Fortune Sunflower Oil 1L,Grocery,160,17,0.1,2448.0,43,2025-12-16
2025-06-02,EZ043,Mother Dairy Milk 1L,Dairy,60,9,0.05,513.0,81,2025-06-12
2025-06-17,EZ528,Mother Dairy Milk 1L,Dairy,60,10,0.1,540.0,48,2025-06-27
2025-05-03,EZ479,Dabur Honey 250g,Health,110,15,0.05,1567.5,35,2027-05-03
2025-04-05,EZ742,Dettol Handwash 200ml,Health,85,13,0.05,1049.75,44,2027-04-05
2025-06-04,EZ970,Tata Salt 1kg,Grocery,25,16,0.05,380.0,98,2026-06-04
2025-06-25,EZ139,Amul Butter 500g,Dairy,250,15,0.1,3375.0,78,2025-09-23
2025-04-28,EZ524,Amul Butter 500g,Dairy,250,4,0.1,900.0,18,2025-07-27
2025-04-28,EZ515,Maggi 2-Minute Noodles,Snacks,12,5,0.1,54.0,27,2026-04-28
2025-04-21,EZ644,Aashirvaad Atta 5kg,Grocery,280,10,0.1,2520.0,58,2025-10-18
2025-03-30,EZ143,Maggi 2-Minute Noodles,Snacks,12,3,0.1,32.4,23,2026-03-30
2025-05-07,EZ242,Maggi 2-Minute Noodles,Snacks,12,18,0.1,194.4,17,2026-05-07
2025-04-23,EZ433,Fortune Sunflower Oil 1L,Grocery,160,15,0.1,2160.0,73,2025-10-20
2025-05-09,EZ486,Tata Salt 1kg,Grocery,25,20,0.0,500.0,70,2026-05-09
2025-05-20,EZ972,Mother Dairy Milk 1L,Dairy,60,3,0.1,162.0,86,2025-05-30
2025-05-09,EZ672,Aashirvaad Atta 5kg,Grocery,280,1,0.0,280.0,81,2025-11-05
2025-06-25,EZ982,Dettol Handwash 200ml,Health,85,17,0.0,1445.0,42,2027-06-25
2025-06-24,EZ877,Maggi 2-Minute Noodles,Snacks,12,7,0.05,79.8,73,2026-06-24
2025-04-14,EZ019,Colgate Toothpaste 100g,Personal Care,55,3,0.1,148.5,54,2027-04-14
2025-04-28,EZ700,Colgate Toothpaste 100g,Personal Care,55,13,0.05,679.25,17,2027-04-28
2025-06-08,EZ919,Dabur Honey 250g,Health,110,4,0.0,440.0,92,2027-06-08
2025-06-04,EZ059,Dove Soap 75g,Personal Care,40,15,0.1,540.0,57,2027-06-04
2025-03-28,EZ922,Dove Soap 75g,Personal Care,40,10,0.05,380.0,90,2027-03-28
2025-05-02,EZ679,Dabur Honey 250g,Health,110,2,0.05,209.0,42,2027-05-02
2025-05-22,EZ763,Mother Dairy Milk 1L,Dairy,60,6,0.05,342.0,40,2025-06-01
2025-04-18,EZ513,Tata Salt 1kg,Grocery,25,17,0.05,403.75,32,2026-04-18
2025-05-02,EZ431,Mother Dairy Milk 1L,Dairy,60,11,0.0,660.0,46,2025-05-12
2025-05-11,EZ537,Colgate Toothpaste 100g,Personal Care,55,10,0.1,495.0,92,2027-05-11
2025-04-10,EZ655,Dove Soap 75g,Personal Care,40,7,0.05,266.0,75,2027-04-10
2025-04-08,EZ015,Aashirvaad Atta 5kg,Grocery,280,4,0.0,1120.0,35,2025-10-05
2025-05-08,EZ531,Dove Soap 75g,Personal Care,40,7,0.05,266.0,87,2027-05-08
2025-04-17,EZ759,Amul Butter 500g,Dairy,250,18,0.05,4275.0,64,2025-07-16
2025-04-18,EZ609,Mother Dairy Milk 1L,Dairy,60,12,0.05,684.0,11,2025-04-28
2025-04-12,EZ350,Tata Salt 1kg,Grocery,25,2,0.05,47.5,79,2026-04-12
2025-04-07,EZ556,Dettol Handwash 200ml,Health,85,14,0.05,1130.5,4,2027-04-07
2025-05-30,EZ772,Dettol Handwash 200ml,Health,85,9,0.05,726.75,55,2027-05-30
2025-06-03,EZ107,Colgate Toothpaste 100g,Personal Care,55,3,0.1,148.5,100,2027-06-03
2025-04-08,EZ338,Dove Soap 75g,Personal Care,40,2,0.1,72.0,69,2027-04-08
2025-04-19,EZ529,Dettol Handwash 200ml,Health,85,15,0.0,1275.0,97,2027-04-19
2025-04-13,EZ400,Fortune Sunflower Oil 1L,Grocery,160,11,0.0,1760.0,83,2025-10-10
2025-06-25,EZ987,Mother Dairy Milk 1L,Dairy,60,18,0.05,1026.0,57,2025-07-05
2025-05-07,EZ847,Fortune Sunflower Oil 1L,Grocery,160,13,0.0,2080.0,58,2025-11-03
2025-05-09,EZ875,Amul Butter 500g,Dairy,250,6,0.1,1350.0,26,2025-08-07
2025-04-20,EZ448,Maggi 2-Minute Noodles,Snacks,12,4,0.1,43.2,48,2026-04-20
2025-06-11,EZ602,Colgate Toothpaste 100g,Personal Care,55,13,0.1,643.5,39,2027-06-11
2025-06-08,EZ317,Dabur Honey 250g,Health,110,20,0.1,1980.0,100,2027-06-08
2025-05-17,EZ880,Dabur Honey 250g,Health,110,1,0.05,104.5,48,2027-05-17
2025-05-19,EZ862,Dabur Honey 250g,Health,110,12,0.0,1320.0,11,2027-05-19
2025-04-12,EZ538,Amul Butter 500g,Dairy,250,17,0.05,4037.5,57,2025-07-11
2025-04-09,EZ184,Fortune Sunflower Oil 1L,Grocery,160,19,0.1,2736.0,60,2025-10-06
2025-06-13,EZ875,Amul Butter 500g,Dairy,250,7,0.05,1662.5,84,2025-09-11
2025-04-06,EZ177,Amul Butter 500g,Dairy,250,6,0.05,1425.0,25,2025-07-05
2025-06-24,EZ295,Mother Dairy Milk 1L,Dairy,60,20,0.05,1140.0,3,2025-07-04
2025-04-08,EZ281,Aashirvaad Atta 5kg,Grocery,280,13,0.0,3640.0,19,2025-10-05
2025-06-21,EZ698,Mother Dairy Milk 1L,Dairy,60,7,0.05,399.0,23,2025-07-01
2025-04-16,EZ593,Tata Salt 1kg,Grocery,25,7,0.0,175.0,11,2026-04-16
2025-04-14,EZ594,Fortune Sunflower Oil 1L,Grocery,160,8,0.1,1152.0,41,2025-10-11
2025-06-04,EZ096,Dabur Honey 250g,Health,110,18,0.1,1782.0,80,2027-06-04
2025-06-10,EZ341,Dettol Handwash 200ml,Health,85,20,0.1,1530.0,69,2027-06-10
2025-05-07,EZ963,Tata Salt 1kg,Grocery,25,17,0.05,403.75,14,2026-05-07
2025-06-25,EZ217,Maggi 2-Minute Noodles,Snacks,12,6,0.05,68.4,43,2026-06-25
2025-04-22,EZ158,Dettol Handwash 200ml,Health,85,10,0.1,765.0,81,2027-04-22
2025-05-03,EZ296,Maggi 2-Minute Noodles,Snacks,12,17,0.05,193.8,17,2026-05-03
2025-06-25,EZ081,Tata Salt 1kg,Grocery,25,6,0.1,135.0,6,2026-06-25
2025-06-27,EZ794,Dove Soap 75g,Personal Care,40,11,0.05,418.0,5,2027-06-27
2025-05-18,EZ534,Colgate Toothpaste 100g,Personal Care,55,19,0.1,940.5,58,2027-05-18
2025-04-29,EZ384,Maggi 2-Minute Noodles,Snacks,12,9,0.0,108.0,96,2026-04-29
2025-06-12,EZ448,Maggi 2-Minute Noodles,Snacks,12,17,0.0,204.0,5,2026-06-12
2025-06-20,EZ208,Dabur Honey 250g,Health,110,12,0.0,1320.0,26,2027-06-20
2025-04-26,EZ280,Maggi 2-Minute Noodles,Snacks,12,4,0.05,45.6,85,2026-04-26
2025-04-05,EZ522,Tata Salt 1kg,Grocery,25,14,0.0,350.0,97,2026-04-05
2025-04-26,EZ867,Maggi 2-Minute Noodles,Snacks,12,18,0.05,205.2,0,2026-04-26
2025-04-22,EZ829,Dabur Honey 250g,Health,110,1,0.0,110.0,28,2027-04-22
2025-05-10,EZ243,Amul Butter 500g,Dairy,250,18,0.1,4050.0,44,2025-08-08
2025-04-11,EZ748,Dettol Handwash 200ml,Health,85,3,0.05,242.25,7,2027-04-11
2025-04-20,EZ602,Maggi 2-Minute Noodles,Snacks,12,7,0.05,79.8,66,2026-04-20
2025-04-13,EZ769,Dettol Handwash 200ml,Health,85,18,0.1,1377.0,96,2027-04-13
2025-06-12,EZ967,Amul Butter 500g,Dairy,250,5,0.05,1187.5,78,2025-09-10
2025-04-22,EZ836,Aashirvaad Atta 5kg,Grocery,280,12,0.1,3024.0,38,2025-10-19
2025-06-18,EZ457,Dove Soap 75g,Personal Care,40,10,0.0,400.0,3,2027-06-18
2025-06-26,EZ303,Dove Soap 75g,Personal Care,40,3,0.05,114.0,78,2027-06-26
2025-06-04,EZ028,Fortune Sunflower Oil 1L,Grocery,160,7,0.1,1008.0,55,2025-12-01
2025-05-20,EZ551,Maggi 2-Minute Noodles,Snacks,12,13,0.1,140.4,10,2026-05-20
2025-05-25,EZ046,Amul Butter 500g,Dairy,250,20,0.0,5000.0,50,2025-08-23
2025-05-26,EZ024,Dabur Honey 250g,Health,110,16,0.1,1584.0,9,2027-05-26
2025-04-02,EZ943,Aashirvaad Atta 5kg,Grocery,280,13,0.05,3458.0,33,2025-09-29
2025-05-01,EZ956,Dove Soap 75g,Personal Care,40,10,0.05,380.0,28,2027-05-01
2025-06-16,EZ240,Maggi 2-Minute Noodles,Snacks,12,15,0.05,171.0,42,2026-06-16
2025-04-25,EZ530,Colgate Toothpaste 100g,Personal Care,55,7,0.1,346.5,72,2027-04-25
2025-05-24,EZ448,Amul Butter 500g,Dairy,250,10,0.0,2500.0,60,2025-08-22
2025-04-22,EZ934,Amul Butter 500g,Dairy,250,2,0.0,500.0,72,2025-07-21
2025-04-17,EZ688,Dabur Honey 250g,Health,110,15,0.05,1567.5,17,2027-04-17
2025-06-18,EZ971,Tata Salt 1kg,Grocery,25,1,0.1,22.5,50,2026-06-18
2025-05-15,EZ965,Dove Soap 75g,Personal Care,40,10,0.1,360.0,42,2027-05-15
2025-06-15,EZ562,Aashirvaad Atta 5kg,Grocery,280,16,0.1,4032.0,49,2025-12-12
2025-05-14,EZ937,Tata Salt 1kg,Grocery,25,9,0.0,225.0,90,2026-05-14
2025-05-10,EZ788,Dabur Honey 250g,Health,110,9,0.1,891.0,98,2027-05-10
2025-04-28,EZ285,Mother Dairy Milk 1L,Dairy,60,11,0.1,594.0,2,2025-05-08
2025-05-20,EZ390,Aashirvaad Atta 5kg,Grocery,280,3,0.1,756.0,13,2025-11-16
2025-06-24,EZ973,Fortune Sunflower Oil 1L,Grocery,160,1,0.05,152.0,0,2025-12-21
2025-04-02,EZ931,Mother Dairy Milk 1L,Dairy,60,15,0.05,855.0,40,2025-04-12
2025-05-11,EZ215,Tata Salt 1kg,Grocery,25,9,0.05,213.75,82,2026-05-11
2025-03-31,EZ414,Colgate Toothpaste 100g,Personal Care,55,2,0.0,110.0,51,2027-03-31
2025-04-25,EZ708,Maggi 2-Minute Noodles,Snacks,12,5,0.05,57.0,84,2026-04-25
2025-06-19,EZ433,Dove Soap 75g,Personal Care,40,3,0.1,108.0,89,2027-06-19
2025-05-27,EZ844,Colgate Toothpaste 100g,Personal Care,55,15,0.0,825.0,90,2027-05-27
2025-04-03,EZ450,Maggi 2-Minute Noodles,Snacks,12,14,0.05,159.6,66,2026-04-03
2025-05-21,EZ905,Aashirvaad Atta 5kg,Grocery,280,3,0.05,798.0,79,2025-11-17
2025-04-07,EZ651,Mother Dairy Milk 1L,Dairy,60,16,0.0,960.0,82,2025-04-17
2025-05-27,EZ890,Dettol Handwash 200ml,Health,85,12,0.0,1020.0,84,2027-05-27
2025-04-20,EZ767,Fortune Sunflower Oil 1L,Grocery,160,5,0.1,720.0,67,2025-10-17
2025-06-08,EZ410,Dettol Handwash 200ml,Health,85,1,0.0,85.0,80,2027-06-08
2025-04-18,EZ100,Dove Soap 75g,Personal Care,40,20,0.05,760.0,20,2027-04-18
2025-05-03,EZ465,Maggi 2-Minute Noodles,Snacks,12,15,0.0,180.0,43,2026-05-03
2025-04-19,EZ045,Fortune Sunflower Oil 1L,Grocery,160,9,0.1,1296.0,13,2025-10-16
2025-04-29,EZ048,Colgate Toothpaste 100g,Personal Care,55,2,0.1,99.0,77,2027-04-29
2025-04-10,EZ229,Maggi 2-Minute Noodles,Snacks,12,7,0.05,79.8,76,2026-04-10
2025-06-19,EZ808,Colgate Toothpaste 100g,Personal Care,55,19,0.05,992.75,10,2027-06-19
2025-03-29,EZ728,Aashirvaad Atta 5kg,Grocery,280,13,0.0,3640.0,78,2025-09-25
2025-06-18,EZ258,Maggi 2-Minute Noodles,Snacks,12,10,0.1,108.0,32,2026-06-18
2025-04-04,EZ896,Dabur Honey 250g,Health,110,9,0.05,940.5,61,2027-04-04
2025-05-08,EZ114,Dettol Handwash 200ml,Health,85,5,0.05,403.75,67,2027-05-08
2025-04-02,EZ859,Aashirvaad Atta 5kg,Grocery,280,11,0.0,3080.0,54,2025-09-29
2025-05-18,EZ571,Dove Soap 75g,Personal Care,40,16,0.05,608.0,77,2027-05-18
2025-05-15,EZ857,Tata Salt 1kg,Grocery,25,18,0.0,450.0,12,2026-05-15
2025-04-07,EZ542,Colgate Toothpaste 100g,Personal Care,55,6,0.0,330.0,54,2027-04-07
2025-04-27,EZ362,Aashirvaad Atta 5kg,Grocery,280,15,0.1,3780.0,52,2025-10-24
2025-06-19,EZ650,Amul Butter 500g,Dairy,250,5,0.05,1187.5,45,2025-09-17
2025-05-03,EZ803,Colgate Toothpaste 100g,Personal Care,55,5,0.0,275.0,59,2027-05-03
2025-06-19,EZ886,Dettol Handwash 200ml,Health,85,7,0.1,535.5,44,2027-06-19
2025-04-02,EZ429,Dabur Honey 250g,Health,110,19,0.0,2090.0,5,2027-04-02
2025-06-01,EZ813,Mother Dairy Milk 1L,Dairy,60,16,0.0,960.0,88,2025-06-11
2025-05-19,EZ070,Amul Butter 500g,Dairy,250,20,0.0,5000.0,90,2025-08-17
2025-04-24,EZ304,Dabur Honey 250g,Health,110,10,0.05,1045.0,65,2027-04-24
2025-05-09,EZ619,Dove Soap 75g,Personal Care,40,16,0.0,640.0,14,2027-05-09
2025-04-28,EZ938,Aashirvaad Atta 5kg,Grocery,280,7,0.05,1862.0,52,2025-10-25
2025-04-29,EZ862,Amul Butter 500g,Dairy,250,11,0.0,2750.0,87,2025-07-28
2025-03-31,EZ347,Aashirvaad Atta 5kg,Grocery,280,1,0.1,252.0,60,2025-09-27
2025-06-20,EZ607,Aashirvaad Atta 5kg,Grocery,280,14,0.0,3920.0,66,2025-12-17
2025-05-06,EZ236,Fortune Sunflower Oil 1L,Grocery,160,5,0.05,760.0,36,2025-11-02
2025-04-08,EZ950,Dettol Handwash 200ml,Health,85,14,0.05,1130.5,21,2027-04-08
2025-06-14,EZ580,Colgate Toothpaste 100g,Personal Care,55,19,0.1,940.5,78,2027-06-14
2025-05-01,EZ528,Aashirvaad Atta 5kg,Grocery,280,5,0.05,1330.0,92,2025-10-28
2025-05-24,EZ237,Mother Dairy Milk 1L,Dairy,60,9,0.0,540.0,22,2025-06-03
2025-04-16,EZ517,Aashirvaad Atta 5kg,Grocery,280,2,0.0,560.0,41,2025-10-13
2025-05-25,EZ864,Dettol Handwash 200ml,Health,85,7,0.0,595.0,55,2027-05-25
2025-06-16,EZ283,Fortune Sunflower Oil 1L,Grocery,160,14,0.1,2016.0,33,2025-12-13
2025-04-09,EZ422,Colgate Toothpaste 100g,Personal Care,55,9,0.0,495.0,86,2027-04-09
2025-05-15,EZ613,Aashirvaad Atta 5kg,Grocery,280,3,0.0,840.0,1,2025-11-11
2025-04-02,EZ433,Amul Butter 500g,Dairy,250,15,0.0,3750.0,66,2025-07-01
2025-05-05,EZ001,Tata Salt 1kg,Grocery,25,13,0.05,308.75,14,2026-05-05
2025-05-11,EZ655,Dove Soap 75g,Personal Care,40,7,0.05,266.0,69,2027-05-11
2025-04-21,EZ919,Maggi 2-Minute Noodles,Snacks,12,5,0.1,54.0,30,2026-04-21
2025-05-24,EZ954,Aashirvaad Atta 5kg,Grocery,280,10,0.0,2800.0,72,2025-11-20
2025-05-20,EZ946,Maggi 2-Minute Noodles,Snacks,12,12,0.05,136.8,97,2026-05-20
2025-03-30,EZ149,Colgate Toothpaste 100g,Personal Care,55,10,0.05,522.5,21,2027-03-30
2025-04-03,EZ082,Dabur Honey 250g,Health,110,14,0.05,1463.0,33,2027-04-03
2025-06-14,EZ022,Maggi 2-Minute Noodles,Snacks,12,15,0.0,180.0,15,2026-06-14
2025-06-22,EZ318,Colgate Toothpaste 100g,Personal Care,55,7,0.1,346.5,29,2027-06-22
2025-06-26,EZ970,Colgate Toothpaste 100g,Personal Care,55,10,0.1,495.0,49,2027-06-26
2025-05-05,EZ413,Mother Dairy Milk 1L,Dairy,60,16,0.05,912.0,99,2025-05-15
2025-05-18,EZ569,Maggi 2-Minute Noodles,Snacks,12,19,0.0,228.0,21,2026-05-18
2025-06-23,EZ796,Dove Soap 75g,Personal Care,40,11,0.1,396.0,7,2027-06-23
2025-05-06,EZ125,Aashirvaad Atta 5kg,Grocery,280,3,0.1,756.0,48,2025-11-02
2025-06-01,EZ106,Amul Butter 500g,Dairy,250,11,0.0,2750.0,94,2025-08-30
2025-04-15,EZ352,Maggi 2-Minute Noodles,Snacks,12,8,0.1,86.4,11,2026-04-15
2025-04-12,EZ335,Dettol Handwash 200ml,Health,85,7,0.05,565.25,61,2027-04-12
2025-04-18,EZ792,Maggi 2-Minute Noodles,Snacks,12,10,0.1,108.0,95,2026-04-18
2025-05-24,EZ678,Colgate Toothpaste 100g,Personal Care,55,4,0.1,198.0,99,2027-05-24
2025-06-05,EZ153,Dove Soap 75g,Personal Care,40,19,0.05,722.0,36,2027-06-05
2025-04-28,EZ984,Mother Dairy Milk 1L,Dairy,60,6,0.05,342.0,90,2025-05-08
2025-05-31,EZ056,Colgate Toothpaste 100g,Personal Care,55,1,0.05,52.25,0,2027-05-31
2025-06-04,EZ525,Tata Salt 1kg,Grocery,25,16,0.0,400.0,79,2026-06-04
2025-04-22,EZ033,Dove Soap 75g,Personal Care,40,14,0.1,504.0,95,2027-04-22
2025-06-17,EZ446,Aashirvaad Atta 5kg,Grocery,280,2,0.05,532.0,84,2025-12-14
2025-05-29,EZ321,Dettol Handwash 200ml,Health,85,10,0.05,807.5,14,2027-05-29
2025-04-27,EZ165,Tata Salt 1kg,Grocery,25,20,0.05,475.0,60,2026-04-27
2025-04-17,EZ910,Colgate Toothpaste 100g,Personal Care,55,1,0.0,55.0,31,2027-04-17
2025-03-31,EZ519,Amul Butter 500g,Dairy,250,5,0.0,1250.0,18,2025-06-29
2025-04-05,EZ551,Aashirvaad Atta 5kg,Grocery,280,3,0.1,756.0,81,2025-10-02
2025-04-13,EZ879,Dabur Honey 250g,Health,110,8,0.05,836.0,89,2027-04-13
2025-04-30,EZ423,Maggi 2-Minute Noodles,Snacks,12,12,0.05,136.8,73,2026-04-30
2025-05-16,EZ547,Dettol Handwash 200ml,Health,85,13,0.05,1049.75,46,2027-05-16
2025-04-13,EZ874,Maggi 2-Minute Noodles,Snacks,12,6,0.0,72.0,9,2026-04-13
2025-06-04,EZ280,Dettol Handwash 200ml,Health,85,6,0.1,459.0,15,2027-06-04
2025-04-09,EZ139,Dove Soap 75g,Personal Care,40,3,0.1,108.0,7,2027-04-09
2025-04-29,EZ081,Fortune Sunflower Oil 1L,Grocery,160,17,0.0,2720.0,72,2025-10-26
2025-05-17,EZ888,Tata Salt 1kg,Grocery,25,9,0.05,213.75,89,2026-05-17
2025-04-19,EZ247,Dabur Honey 250g,Health,110,16,0.05,1672.0,19,2027-04-19
2025-05-07,EZ419,Dove Soap 75g,Personal Care,40,13,0.05,494.0,1,2027-05-07
2025-05-03,EZ651,Dettol Handwash 200ml,Health,85,4,0.0,340.0,53,2027-05-03
2025-04-02,EZ953,Dabur Honey 250g,Health,110,18,0.05,1881.0,14,2027-04-02
2025-06-07,EZ886,Colgate Toothpaste 100g,Personal Care,55,10,0.1,495.0,98,2027-06-07
2025-05-22,EZ027,Dabur Honey 250g,Health,110,20,0.0,2200.0,21,2027-05-22
2025-04-01,EZ454,Tata Salt 1kg,Grocery,25,2,0.1,45.0,16,2026-04-01
2025-05-15,EZ728,Aashirvaad Atta 5kg,Grocery,280,5,0.0,1400.0,79,2025-11-11
2025-05-19,EZ861,Mother Dairy Milk 1L,Dairy,60,6,0.1,324.0,69,2025-05-29
2025-05-31,EZ442,Mother Dairy Milk 1L,Dairy,60,14,0.0,840.0,59,2025-06-10
2025-04-30,EZ901,Colgate Toothpaste 100g,Personal Care,55,18,0.05,940.5,50,2027-04-30
2025-04-30,EZ119,Dettol Handwash 200ml,Health,85,12,0.1,918.0,93,2027-04-30
2025-06-24,EZ274,Dabur Honey 250g,Health,110,2,0.05,209.0,73,2027-06-24
2025-04-06,EZ695,Dabur Honey 250g,Health,110,8,0.1,792.0,40,2027-04-06
2025-05-02,EZ457,Mother Dairy Milk 1L,Dairy,60,5,0.0,300.0,17,2025-05-12
2025-06-17,EZ303,Mother Dairy Milk 1L,Dairy,60,12,0.05,684.0,44,2025-06-27
2025-06-26,EZ483,Colgate Toothpaste 100g,Personal Care,55,5,0.0,275.0,25,2027-06-26
2025-04-19,EZ998,Aashirvaad Atta 5kg,Grocery,280,19,0.1,4788.0,80,2025-10-16
2025-04-14,EZ449,Aashirvaad Atta 5kg,Grocery,280,7,0.1,1764.0,5,2025-10-11
2025-05-05,EZ726,Tata Salt 1kg,Grocery,25,9,0.1,202.5,17,2026-05-05
2025-04-24,EZ652,Amul Butter 500g,Dairy,250,1,0.1,225.0,2,2025-07-23
2025-06-06,EZ914,Mother Dairy Milk 1L,Dairy,60,4,0.0,240.0,57,2025-06-16
2025-04-20,EZ300,Dove Soap 75g,Personal Care,40,2,0.0,80.0,98,2027-04-20
2025-05-26,EZ141,Dove Soap 75g,Personal Care,40,6,0.0,240.0,67,2027-05-26
2025-04-12,EZ249,Tata Salt 1kg,Grocery,25,18,0.1,405.0,50,2026-04-12
2025-05-21,EZ962,Dabur Honey 250g,Health,110,11,0.1,1089.0,2,2027-05-21
2025-04-14,EZ159,Fortune Sunflower Oil 1L,Grocery,160,5,0.1,720.0,3,2025-10-11
2025-03-29,EZ783,Dabur Honey 250g,Health,110,16,0.1,1584.0,81,2027-03-29
2025-05-22,EZ836,Maggi 2-Minute Noodles,Snacks,12,6,0.05,68.4,48,2026-05-22
2025-05-21,EZ639,Amul Butter 500g,Dairy,250,12,0.05,2850.0,1,2025-08-19
2025-04-29,EZ091,Mother Dairy Milk 1L,Dairy,60,11,0.1,594.0,92,2025-05-09
2025-06-12,EZ238,Dettol Handwash 200ml,Health,85,10,0.0,850.0,29,2027-06-12
2025-06-15,EZ151,Colgate Toothpaste 100g,Personal Care,55,9,0.05,470.25,62,2027-06-15
2025-06-05,EZ707,Mother Dairy Milk 1L,Dairy,60,1,0.1,54.0,56,2025-06-15
2025-06-14,EZ670,Colgate Toothpaste 100g,Personal Care,55,8,0.05,418.0,76,2027-06-14
2025-05-10,EZ847,Colgate Toothpaste 100g,Personal Care,55,14,0.0,770.0,20,2027-05-10
2025-03-31,EZ212,Maggi 2-Minute Noodles,Snacks,12,20,0.05,228.0,92,2026-03-31
2025-04-30,EZ889,Colgate Toothpaste 100g,Personal Care,55,9,0.0,495.0,70,2027-04-30
2025-04-28,EZ251,Mother Dairy Milk 1L,Dairy,60,7,0.05,399.0,23,2025-05-08
2025-06-19,EZ118,Mother Dairy Milk 1L,Dairy,60,6,0.1,324.0,76,2025-06-29
2025-04-09,EZ497,Tata Salt 1kg,Grocery,25,13,0.05,308.75,69,2026-04-09
2025-05-26,EZ970,Fortune Sunflower Oil 1L,Grocery,160,14,0.1,2016.0,36,2025-11-22
2025-04-07,EZ221,Aashirvaad Atta 5kg,Grocery,280,5,0.05,1330.0,63,2025-10-04
2025-03-31,EZ718,Aashirvaad Atta 5kg,Grocery,280,15,0.1,3780.0,41,2025-09-27
2025-04-20,EZ066,Dettol Handwash 200ml,Health,85,7,0.05,565.25,52,2027-04-20
2025-06-01,EZ097,Fortune Sunflower Oil 1L,Grocery,160,4,0.1,576.0,69,2025-11-28
2025-05-12,EZ954,Dettol Handwash 200ml,Health,85,11,0.1,841.5,80,2027-05-12
2025-06-20,EZ637,Aashirvaad Atta 5kg,Grocery,280,19,0.05,5054.0,53,2025-12-17
2025-06-17,EZ641,Dove Soap 75g,Personal Care,40,8,0.1,288.0,80,2027-06-17
2025-05-20,EZ133,Tata Salt 1kg,Grocery,25,15,0.1,337.5,14,2026-05-20
2025-05-19,EZ374,Tata Salt 1kg,Grocery,25,9,0.1,202.5,66,2026-05-19
2025-06-24,EZ647,Maggi 2-Minute Noodles,Snacks,12,9,0.1,97.2,69,2026-06-24
2025-06-26,EZ454,Tata Salt 1kg,Grocery,25,5,0.0,125.0,68,2026-06-26
2025-05-29,EZ198,Tata Salt 1kg,Grocery,25,13,0.1,292.5,87,2026-05-29
2025-04-25,EZ656,Mother Dairy Milk 1L,Dairy,60,15,0.0,900.0,80,2025-05-05
2025-04-22,EZ541,Fortune Sunflower Oil 1L,Grocery,160,4,0.05,608.0,37,2025-10-19
2025-05-26,EZ722,Colgate Toothpaste 100g,Personal Care,55,11,0.05,574.75,18,2027-05-26
2025-05-09,EZ529,Dettol Handwash 200ml,Health,85,1,0.05,80.75,73,2027-05-09
2025-06-18,EZ571,Colgate Toothpaste 100g,Personal Care,55,8,0.0,440.0,23,2027-06-18
2025-04-28,EZ753,Tata Salt 1kg,Grocery,25,10,0.1,225.0,84,2026-04-28
2025-05-25,EZ425,Fortune Sunflower Oil 1L,Grocery,160,11,0.0,1760.0,96,2025-11-21
2025-05-10,EZ405,Aashirvaad Atta 5kg,Grocery,280,6,0.1,1512.0,12,2025-11-06
2025-05-17,EZ187,Fortune Sunflower Oil 1L,Grocery,160,12,0.0,1920.0,12,2025-11-13
2025-04-06,EZ106,Dove Soap 75g,Personal Care,40,7,0.05,266.0,2,2027-04-06
2025-04-23,EZ626,Mother Dairy Milk 1L,Dairy,60,2,0.0,120.0,85,2025-05-03
2025-04-29,EZ995,Aashirvaad Atta 5kg,Grocery,280,13,0.1,3276.0,99,2025-10-26
2025-06-12,EZ060,Fortune Sunflower Oil 1L,Grocery,160,9,0.0,1440.0,49,2025-12-09
2025-05-04,EZ221,Fortune Sunflower Oil 1L,Grocery,160,7,0.1,1008.0,77,2025-10-31
2025-04-27,EZ094,Dabur Honey 250g,Health,110,6,0.1,594.0,44,2027-04-27
2025-05-24,EZ131,Colgate Toothpaste 100g,Personal Care,55,2,0.1,99.0,24,2027-05-24
2025-05-01,EZ551,Fortune Sunflower Oil 1L,Grocery,160,13,0.05,1976.0,97,2025-10-28
2025-04-27,EZ707,Amul Butter 500g,Dairy,250,12,0.1,2700.0,66,2025-07-26
2025-03-29,EZ890,Tata Salt 1kg,Grocery,25,14,0.0,350.0,84,2026-03-29
2025-05-26,EZ957,Fortune Sunflower Oil 1L,Grocery,160,9,0.1,1296.0,26,2025-11-22
2025-06-09,EZ997,Maggi 2-Minute Noodles,Snacks,12,6,0.0,72.0,40,2026-06-09
2025-04-04,EZ832,Dabur Honey 250g,Health,110,10,0.05,1045.0,23,2027-04-04
2025-06-13,EZ057,Colgate Toothpaste 100g,Personal Care,55,6,0.0,330.0,46,2027-06-13
2025-06-02,EZ538,Dove Soap 75g,Personal Care,40,11,0.0,440.0,6,2027-06-02
2025-04-01,EZ640,Amul Butter 500g,Dairy,250,7,0.05,1662.5,92,2025-06-30
2025-04-02,EZ802,Colgate Toothpaste 100g,Personal Care,55,12,0.0,660.0,67,2027-04-02
2025-06-02,EZ250,Dettol Handwash 200ml,Health,85,18,0.05,1453.5,2,2027-06-02
2025-05-26,EZ738,Aashirvaad Atta 5kg,Grocery,280,13,0.05,3458.0,8,2025-11-22
2025-06-24,EZ746,Tata Salt 1kg,Grocery,25,4,0.0,100.0,70,2026-06-24
2025-06-13,EZ494,Colgate Toothpaste 100g,Personal Care,55,17,0.0,935.0,89,2027-06-13
2025-05-01,EZ024,Dettol Handwash 200ml,Health,85,11,0.0,935.0,48,2027-05-01
2025-05-27,EZ580,Dabur Honey 250g,Health,110,18,0.0,1980.0,99,2027-05-27
2025-04-27,EZ345,Dettol Handwash 200ml,Health,85,3,0.0,255.0,5,2027-04-27
2025-06-19,EZ305,Amul Butter 500g,Dairy,250,5,0.0,1250.0,45,2025-09-17
2025-05-14,EZ533,Amul Butter 500g,Dairy,250,11,0.1,2475.0,5,2025-08-12
2025-06-08,EZ802,Tata Salt 1kg,Grocery,25,15,0.05,356.25,19,2026-06-08
2025-05-23,EZ223,Tata Salt 1kg,Grocery,25,13,0.1,292.5,88,2026-05-23
2025-05-10,EZ338,Amul Butter 500g,Dairy,250,11,0.05,2612.5,14,2025-08-08
2025-06-12,EZ804,Colgate Toothpaste 100g,Personal Care,55,4,0.0,220.0,26,2027-06-12
2025-05-19,EZ538,Dabur Honey 250g,Health,110,17,0.05,1776.5,26,2027-05-19
2025-05-04,EZ059,Fortune Sunflower Oil 1L,Grocery,160,2,0.0,320.0,4,2025-10-31
2025-04-04,EZ804,Fortune Sunflower Oil 1L,Grocery,160,2,0.0,320.0,4,2025-10-01
2025-05-26,EZ043,Colgate Toothpaste 100g,Personal Care,55,7,0.0,385.0,6,2027-05-26
2025-04-19,EZ730,Colgate Toothpaste 100g,Personal Care,55,13,0.0,715.0,85,2027-04-19
2025-06-18,EZ169,Dabur Honey 250g,Health,110,12,0.0,1320.0,40,2027-06-18
2025-05-08,EZ436,Tata Salt 1kg,Grocery,25,18,0.0,450.0,37,2026-05-08
2025-05-08,EZ436,Dabur Honey 250g,Health,110,11,0.1,1089.0,10,2027-05-08
2025-06-25,EZ895,Colgate Toothpaste 100g,Personal Care,55,10,0.1,495.0,27,2027-06-25
2025-04-11,EZ271,Tata Salt 1kg,Grocery,25,16,0.05,380.0,54,2026-04-11
2025-06-08,EZ911,Dettol Handwash 200ml,Health,85,16,0.1,1224.0,74,2027-06-08
2025-06-10,EZ420,Dettol Handwash 200ml,Health,85,12,0.05,969.0,16,2027-06-10
2025-06-02,EZ735,Tata Salt 1kg,Grocery,25,6,0.1,135.0,90,2026-06-02
2025-04-15,EZ726,Mother Dairy Milk 1L,Dairy,60,12,0.1,648.0,77,2025-04-25
2025-06-02,EZ047,Aashirvaad Atta 5kg,Grocery,280,16,0.0,4480.0,45,2025-11-29
2025-06-17,EZ637,Amul Butter 500g,Dairy,250,17,0.05,4037.5,9,2025-09-15
2025-06-24,EZ312,Dabur Honey 250g,Health,110,18,0.0,1980.0,94,2027-06-24
2025-05-20,EZ814,Fortune Sunflower Oil 1L,Grocery,160,6,0.05,912.0,3,2025-11-16
2025-04-10,EZ171,Amul Butter 500g,Dairy,250,13,0.05,3087.5,52,2025-07-09
2025-04-12,EZ687,Fortune Sunflower Oil 1L,Grocery,160,18,0.0,2880.0,33,2025-10-09
2025-03-28,EZ494,Tata Salt 1kg,Grocery,25,13,0.05,308.75,31,2026-03-28
2025-04-02,EZ817,Tata Salt 1kg,Grocery,25,13,0.1,292.5,6,2026-04-02
2025-05-30,EZ086,Amul Butter 500g,Dairy,250,19,0.05,4512.5,23,2025-08-28
2025-05-17,EZ591,Dabur Honey 250g,Health,110,15,0.05,1567.5,43,2027-05-17
2025-06-22,EZ038,Mother Dairy Milk 1L,Dairy,60,8,0.05,456.0,94,2025-07-02
2025-05-24,EZ258,Tata Salt 1kg,Grocery,25,9,0.0,225.0,53,2026-05-24
2025-05-25,EZ896,Colgate Toothpaste 100g,Personal Care,55,6,0.1,297.0,22,2027-05-25
2025-06-20,EZ700,Colgate Toothpaste 100g,Personal Care,55,17,0.0,935.0,35,2027-06-20
2025-05-20,EZ900,Fortune Sunflower Oil 1L,Grocery,160,5,0.0,800.0,29,2025-11-16
2025-04-09,EZ829,Colgate Toothpaste 100g,Personal Care,55,14,0.05,731.5,63,2027-04-09
2025-06-14,EZ431,Dove Soap 75g,Personal Care,40,8,0.0,320.0,17,2027-06-14
2025-06-18,EZ651,Dabur Honey 250g,Health,110,19,0.1,1881.0,60,2027-06-18
2025-04-24,EZ250,Dabur Honey 250g,Health,110,17,0.0,1870.0,64,2027-04-24
2025-04-01,EZ388,Amul Butter 500g,Dairy,250,17,0.0,4250.0,82,2025-06-30
2025-04-28,EZ614,Colgate Toothpaste 100g,Personal Care,55,5,0.0,275.0,88,2027-04-28
2025-06-06,EZ266,Maggi 2-Minute Noodles,Snacks,12,16,0.0,192.0,83,2026-06-06
2025-06-02,EZ016,Fortune Sunflower Oil 1L,Grocery,160,18,0.0,2880.0,2,2025-11-29
2025-04-26,EZ182,Maggi 2-Minute Noodles,Snacks,12,7,0.05,79.8,85,2026-04-26
2025-06-25,EZ211,Dettol Handwash 200ml,Health,85,5,0.05,403.75,89,2027-06-25
2025-05-26,EZ180,Mother Dairy Milk 1L,Dairy,60,9,0.05,513.0,35,2025-06-05
2025-05-11,EZ031,Dove Soap 75g,Personal Care,40,20,0.05,760.0,36,2027-05-11
2025-06-12,EZ667,Fortune Sunflower Oil 1L,Grocery,160,8,0.0,1280.0,65,2025-12-09
2025-05-14,EZ547,Dove Soap 75g,Personal Care,40,16,0.1,576.0,82,2027-05-14
2025-04-07,EZ567,Fortune Sunflower Oil 1L,Grocery,160,5,0.05,760.0,99,2025-10-04
2025-06-19,EZ108,Mother Dairy Milk 1L,Dairy,60,8,0.05,456.0,34,2025-06-29
2025-05-03,EZ554,Aashirvaad Atta 5kg,Grocery,280,17,0.0,4760.0,30,2025-10-30
2025-04-13,EZ345,Maggi 2-Minute Noodles,Snacks,12,10,0.1,108.0,25,2026-04-13
2025-04-14,EZ929,Mother Dairy Milk 1L,Dairy,60,20,0.05,1140.0,95,2025-04-24
2025-05-24,EZ881,Maggi 2-Minute Noodles,Snacks,12,20,0.05,228.0,88,2026-05-24
2025-05-02,EZ597,Maggi 2-Minute Noodles,Snacks,12,10,0.1,108.0,40,2026-05-02
2025-04-03,EZ476,Amul Butter 500g,Dairy,250,13,0.05,3087.5,73,2025-07-02
2025-06-14,EZ720,Aashirvaad Atta 5kg,Grocery,280,20,0.0,5600.0,99,2025-12-11
2025-05-20,EZ499,Colgate Toothpaste 100g,Personal Care,55,19,0.05,992.75,54,2027-05-20
2025-05-15,EZ824,Aashirvaad Atta 5kg,Grocery,280,20,0.1,5040.0,67,2025-11-11
2025-04-02,EZ163,Dabur Honey 250g,Health,110,4,0.0,440.0,73,2027-04-02
2025-05-18,EZ952,Aashirvaad Atta 5kg,Grocery,280,8,0.0,2240.0,50,2025-11-14
2025-04-13,EZ582,Maggi 2-Minute Noodles,Snacks,12,11,0.0,132.0,56,2026-04-13
2025-05-25,EZ319,Fortune Sunflower Oil 1L,Grocery,160,4,0.1,576.0,86,2025-11-21
2025-04-19,EZ111,Tata Salt 1kg,Grocery,25,2,0.05,47.5,39,2026-04-19
2025-06-24,EZ657,Dettol Handwash 200ml,Health,85,16,0.05,1292.0,22,2027-06-24
2025-03-31,EZ580,Dabur Honey 250g,Health,110,4,0.1,396.0,89,2027-03-31
2025-04-17,EZ238,Maggi 2-Minute Noodles,Snacks,12,20,0.05,228.0,52,2026-04-17
2025-05-08,EZ055,Aashirvaad Atta 5kg,Grocery,280,20,0.0,5600.0,83,2025-11-04
2025-03-28,EZ699,Tata Salt 1kg,Grocery,25,18,0.05,427.5,97,2026-03-28
2025-04-03,EZ978,Mother Dairy Milk 1L,Dairy,60,9,0.0,540.0,58,2025-04-13
2025-04-19,EZ212,Fortune Sunflower Oil 1L,Grocery,160,4,0.05,608.0,82,2025-10-16
2025-05-20,EZ832,Colgate Toothpaste 100g,Personal Care,55,13,0.0,715.0,12,2027-05-20
2025-05-19,EZ916,Dove Soap 75g,Personal Care,40,13,0.1,468.0,39,2027-05-19
2025-04-12,EZ272,Dabur Honey 250g,Health,110,10,0.1,990.0,5,2027-04-12
2025-04-01,EZ931,Colgate Toothpaste 100g,Personal Care,55,19,0.1,940.5,65,2027-04-01
2025-04-13,EZ119,Mother Dairy Milk 1L,Dairy,60,8,0.05,456.0,6,2025-04-23
2025-05-18,EZ876,Tata Salt 1kg,Grocery,25,10,0.1,225.0,25,2026-05-18
2025-05-08,EZ353,Fortune Sunflower Oil 1L,Grocery,160,8,0.1,1152.0,73,2025-11-04
2025-04-20,EZ673,Maggi 2-Minute Noodles,Snacks,12,11,0.1,118.8,46,2026-04-20
2025-04-10,EZ566,Tata Salt 1kg,Grocery,25,4,0.1,90.0,4,2026-04-10
2025-05-03,EZ510,Dabur Honey 250g,Health,110,1,0.05,104.5,8,2027-05-03
2025-06-12,EZ124,Aashirvaad Atta 5kg,Grocery,280,1,0.1,252.0,96,2025-12-09
2025-03-28,EZ917,Colgate Toothpaste 100g,Personal Care,55,1,0.1,49.5,71,2027-03-28
2025-04-11,EZ984,Colgate Toothpaste 100g,Personal Care,55,17,0.05,888.25,66,2027-04-11
2025-05-22,EZ673,Dabur Honey 250g,Health,110,5,0.1,495.0,35,2027-05-22
2025-04-16,EZ330,Fortune Sunflower Oil 1L,Grocery,160,18,0.0,2880.0,90,2025-10-13
2025-05-24,EZ256,Mother Dairy Milk 1L,Dairy,60,18,0.0,1080.0,27,2025-06-03
2025-04-12,EZ437,Fortune Sunflower Oil 1L,Grocery,160,15,0.05,2280.0,1,2025-10-09
2025-06-03,EZ865,Maggi 2-Minute Noodles,Snacks,12,6,0.05,68.4,31,2026-06-03
2025-03-30,EZ015,Amul Butter 500g,Dairy,250,10,0.1,2250.0,4,2025-06-28
2025-06-18,EZ814,Dove Soap 75g,Personal Care,40,11,0.05,418.0,93,2027-06-18
2025-05-31,EZ449,Dabur Honey 250g,Health,110,16,0.05,1672.0,60,2027-05-31
2025-06-20,EZ085,Tata Salt 1kg,Grocery,25,8,0.05,190.0,29,2026-06-20
2025-04-27,EZ345,Dabur Honey 250g,Health,110,15,0.0,1650.0,52,2027-04-27
2025-04-01,EZ346,Dabur Honey 250g,Health,110,1,0.1,99.0,47,2027-04-01
2025-04-26,EZ562,Maggi 2-Minute Noodles,Snacks,12,16,0.0,192.0,68,2026-04-26
2025-04-15,EZ491,Dettol Handwash 200ml,Health,85,9,0.0,765.0,85,2027-04-15
2025-06-25,EZ499,Maggi 2-Minute Noodles,Snacks,12,20,0.05,228.0,16,2026-06-25
2025-04-07,EZ648,Aashirvaad Atta 5kg,Grocery,280,7,0.05,1862.0,76,2025-10-04
2025-04-01,EZ756,Dabur Honey 250g,Health,110,7,0.1,693.0,25,2027-04-01
2025-06-02,EZ500,Amul Butter 500g,Dairy,250,20,0.0,5000.0,99,2025-08-31
2025-06-25,EZ315,Amul Butter 500g,Dairy,250,1,0.05,237.5,75,2025-09-23
2025-05-08,EZ486,Mother Dairy Milk 1L,Dairy,60,17,0.05,969.0,81,2025-05-18
2025-06-14,EZ284,Aashirvaad Atta 5kg,Grocery,280,5,0.0,1400.0,74,2025-12-11
2025-06-16,EZ338,Mother Dairy Milk 1L,Dairy,60,7,0.1,378.0,38,2025-06-26
2025-05-30,EZ063,Dove Soap 75g,Personal Care,40,2,0.1,72.0,51,2027-05-30
2025-06-27,EZ333,Dabur Honey 250g,Health,110,8,0.0,880.0,13,2027-06-27
2025-05-27,EZ007,Colgate Toothpaste 100g,Personal Care,55,4,0.1,198.0,8,2027-05-27
2025-05-23,EZ484,Mother Dairy Milk 1L,Dairy,60,6,0.05,342.0,69,2025-06-02
2025-05-03,EZ859,Colgate Toothpaste 100g,Personal Care,55,18,0.05,940.5,12,2027-05-03
2025-06-27,EZ586,Amul Butter 500g,Dairy,250,13,0.1,2925.0,18,2025-09-25
2025-06-07,EZ831,Amul Butter 500g,Dairy,250,2,0.1,450.0,80,2025-09-05
2025-04-10,EZ971,Dettol Handwash 200ml,Health,85,19,0.05,1534.25,8,2027-04-10
2025-04-03,EZ431,Aashirvaad Atta 5kg,Grocery,280,14,0.05,3724.0,86,2025-09-30
2025-06-08,EZ523,Amul Butter 500g,Dairy,250,15,0.1,3375.0,79,2025-09-06
2025-06-02,EZ255,Mother Dairy Milk 1L,Dairy,60,17,0.05,969.0,39,2025-06-12
2025-04-17,EZ178,Maggi 2-Minute Noodles,Snacks,12,18,0.05,205.2,41,2026-04-17
2025-04-30,EZ349,Amul Butter 500g,Dairy,250,7,0.0,1750.0,73,2025-07-29
2025-06-25,EZ025,Dabur Honey 250g,Health,110,20,0.0,2200.0,94,2027-06-25
2025-06-27,EZ489,Amul Butter 500g,Dairy,250,20,0.1,4500.0,53,2025-09-25
2025-04-10,EZ418,Amul Butter 500g,Dairy,250,8,0.0,2000.0,46,2025-07-09
2025-04-12,EZ429,Maggi 2-Minute Noodles,Snacks,12,16,0.1,172.8,92,2026-04-12
2025-03-28,EZ136,Mother Dairy Milk 1L,Dairy,60,1,0.1,54.0,11,2025-04-07
2025-04-19,EZ054,Dove Soap 75g,Personal Care,40,9,0.1,324.0,35,2027-04-19
2025-06-20,EZ694,Mother Dairy Milk 1L,Dairy,60,9,0.1,486.0,22,2025-06-30
2025-05-10,EZ889,Aashirvaad Atta 5kg,Grocery,280,6,0.0,1680.0,60,2025-11-06
2025-06-16,EZ151,Aashirvaad Atta 5kg,Grocery,280,7,0.1,1764.0,85,2025-12-13
2025-05-26,EZ760,Maggi 2-Minute Noodles,Snacks,12,2,0.0,24.0,95,2026-05-26
2025-05-27,EZ605,Dabur Honey 250g,Health,110,7,0.05,731.5,52,2027-05-27
2025-04-28,EZ906,Tata Salt 1kg,Grocery,25,8,0.05,190.0,9,2026-04-28
2025-03-29,EZ385,Colgate Toothpaste 100g,Personal Care,55,9,0.1,445.5,88,2027-03-29
2025-05-20,EZ326,Mother Dairy Milk 1L,Dairy,60,19,0.1,1026.0,58,2025-05-30
2025-06-12,EZ012,Amul Butter 500g,Dairy,250,8,0.1,1800.0,16,2025-09-10
2025-06-07,EZ079,Dabur Honey 250g,Health,110,15,0.05,1567.5,93,2027-06-07
2025-05-21,EZ904,Dabur Honey 250g,Health,110,16,0.1,1584.0,53,2027-05-21
2025-04-05,EZ861,Colgate Toothpaste 100g,Personal Care,55,16,0.0,880.0,18,2027-04-05
2025-05-21,EZ887,Mother Dairy Milk 1L,Dairy,60,3,0.1,162.0,47,2025-05-31
2025-06-21,EZ300,Maggi 2-Minute Noodles,Snacks,12,2,0.0,24.0,56,2026-06-21
2025-04-29,EZ634,Dabur Honey 250g,Health,110,10,0.1,990.0,57,2027-04-29
2025-04-29,EZ904,Dove Soap 75g,Personal Care,40,17,0.0,680.0,68,2027-04-29
2025-05-09,EZ293,Aashirvaad Atta 5kg,Grocery,280,3,0.0,840.0,69,2025-11-05
2025-05-05,EZ264,Tata Salt 1kg,Grocery,25,12,0.0,300.0,55,2026-05-05
2025-03-30,EZ285,Dabur Honey 250g,Health,110,2,0.1,198.0,9,2027-03-30
2025-05-20,EZ685,Colgate Toothpaste 100g,Personal Care,55,14,0.1,693.0,85,2027-05-20
2025-04-30,EZ405,Dettol Handwash 200ml,Health,85,8,0.0,680.0,46,2027-04-30
2025-06-09,EZ241,Fortune Sunflower Oil 1L,Grocery,160,14,0.05,2128.0,35,2025-12-06
2025-06-03,EZ764,Dettol Handwash 200ml,Health,85,14,0.0,1190.0,70,2027-06-03
2025-04-01,EZ861,Dettol Handwash 200ml,Health,85,16,0.0,1360.0,42,2027-04-01
2025-04-25,EZ707,Colgate Toothpaste 100g,Personal Care,55,15,0.05,783.75,11,2027-04-25
2025-06-22,EZ954,Aashirvaad Atta 5kg,Grocery,280,1,0.05,266.0,98,2025-12-19
2025-05-05,EZ890,Aashirvaad Atta 5kg,Grocery,280,10,0.05,2660.0,28,2025-11-01
2025-03-28,EZ842,Dove Soap 75g,Personal Care,40,19,0.0,760.0,48,2027-03-28
2025-03-31,EZ841,Dettol Handwash 200ml,Health,85,9,0.1,688.5,86,2027-03-31
2025-03-30,EZ967,Dabur Honey 250g,Health,110,14,0.0,1540.0,61,2027-03-30
2025-04-04,EZ250,Amul Butter 500g,Dairy,250,16,0.0,4000.0,14,2025-07-03
2025-04-06,EZ780,Mother Dairy Milk 1L,Dairy,60,15,0.05,855.0,14,2025-04-16
2025-05-09,EZ613,Tata Salt 1kg,Grocery,25,3,0.0,75.0,31,2026-05-09
2025-05-22,EZ265,Aashirvaad Atta 5kg,Grocery,280,15,0.0,4200.0,6,2025-11-18
2025-06-05,EZ588,Dettol Handwash 200ml,Health,85,20,0.1,1530.0,76,2027-06-05
2025-04-04,EZ790,Dove Soap 75g,Personal Care,40,18,0.0,720.0,2,2027-04-04
2025-06-04,EZ948,Mother Dairy Milk 1L,Dairy,60,20,0.05,1140.0,36,2025-06-14
2025-06-05,EZ744,Tata Salt 1kg,Grocery,25,18,0.0,450.0,65,2026-06-05
2025-05-22,EZ843,Fortune Sunflower Oil 1L,Grocery,160,14,0.0,2240.0,45,2025-11-18
2025-04-28,EZ897,Colgate Toothpaste 100g,Personal Care,55,7,0.0,385.0,67,2027-04-28
2025-04-25,EZ824,Dettol Handwash 200ml,Health,85,15,0.0,1275.0,94,2027-04-25
2025-04-13,EZ015,Mother Dairy Milk 1L,Dairy,60,8,0.0,480.0,2,2025-04-23
2025-06-17,EZ855,Dettol Handwash 200ml,Health,85,20,0.0,1700.0,100,2027-06-17
2025-04-05,EZ296,Fortune Sunflower Oil 1L,Grocery,160,14,0.0,2240.0,29,2025-10-02
2025-04-02,EZ155,Dettol Handwash 200ml,Health,85,4,0.05,323.0,60,2027-04-02
2025-03-31,EZ639,Dabur Honey 250g,Health,110,1,0.05,104.5,23,2027-03-31
2025-06-24,EZ263,Dettol Handwash 200ml,Health,85,7,0.0,595.0,99,2027-06-24
2025-06-02,EZ836,Fortune Sunflower Oil 1L,Grocery,160,4,0.1,576.0,38,2025-11-29
2025-05-27,EZ746,Amul Butter 500g,Dairy,250,17,0.05,4037.5,83,2025-08-25
2025-06-10,EZ459,Aashirvaad Atta 5kg,Grocery,280,12,0.05,3192.0,67,2025-12-07
2025-06-15,EZ772,Mother Dairy Milk 1L,Dairy,60,19,0.05,1083.0,11,2025-06-25
2025-06-17,EZ572,Dabur Honey 250g,Health,110,14,0.0,1540.0,40,2027-06-17
2025-05-03,EZ112,Aashirvaad Atta 5kg,Grocery,280,1,0.1,252.0,92,2025-10-30
2025-05-11,EZ760,Colgate Toothpaste 100g,Personal Care,55,13,0.1,643.5,42,2027-05-11
2025-05-20,EZ845,Fortune Sunflower Oil 1L,Grocery,160,11,0.1,1584.0,59,2025-11-16
2025-05-24,EZ511,Dove Soap 75g,Personal Care,40,1,0.1,36.0,33,2027-05-24
2025-05-27,EZ019,Amul Butter 500g,Dairy,250,8,0.0,2000.0,57,2025-08-25
2025-04-13,EZ592,Aashirvaad Atta 5kg,Grocery,280,13,0.0,3640.0,2,2025-10-10
2025-05-17,EZ857,Tata Salt 1kg,Grocery,25,8,0.1,180.0,54,2026-05-17
2025-06-06,EZ763,Fortune Sunflower Oil 1L,Grocery,160,3,0.0,480.0,90,2025-12-03
2025-04-11,EZ820,Aashirvaad Atta 5kg,Grocery,280,15,0.05,3990.0,68,2025-10-08
2025-06-18,EZ227,Dettol Handwash 200ml,Health,85,9,0.0,765.0,91,2027-06-18
2025-05-20,EZ387,Colgate Toothpaste 100g,Personal Care,55,9,0.1,445.5,86,2027-05-20
2025-06-01,EZ423,Dettol Handwash 200ml,Health,85,20,0.1,1530.0,75,2027-06-01
2025-06-13,EZ012,Maggi 2-Minute Noodles,Snacks,12,10,0.0,120.0,64,2026-06-13
2025-04-18,EZ612,Aashirvaad Atta 5kg,Grocery,280,13,0.1,3276.0,99,2025-10-15
2025-05-25,EZ927,Dove Soap 75g,Personal Care,40,11,0.1,396.0,54,2027-05-25
2025-05-11,EZ615,Tata Salt 1kg,Grocery,25,10,0.0,250.0,0,2026-05-11
2025-06-03,EZ899,Amul Butter 500g,Dairy,250,7,0.05,1662.5,73,2025-09-01
2025-03-31,EZ545,Aashirvaad Atta 5kg,Grocery,280,9,0.05,2394.0,92,2025-09-27
2025-05-25,EZ045,Amul Butter 500g,Dairy,250,18,0.05,4275.0,98,2025-08-23
2025-06-01,EZ554,Fortune Sunflower Oil 1L,Grocery,160,17,0.0,2720.0,56,2025-11-28
2025-05-24,EZ719,Amul Butter 500g,Dairy,250,6,0.1,1350.0,50,2025-08-22
2025-05-13,EZ615,Colgate Toothpaste 100g,Personal Care,55,14,0.1,693.0,8,2027-05-13
2025-06-13,EZ304,Mother Dairy Milk 1L,Dairy,60,13,0.1,702.0,29,2025-06-23
2025-06-01,EZ440,Mother Dairy Milk 1L,Dairy,60,13,0.0,780.0,12,2025-06-11
2025-06-24,EZ048,Dettol Handwash 200ml,Health,85,7,0.05,565.25,54,2027-06-24
2025-05-29,EZ652,Mother Dairy Milk 1L,Dairy,60,7,0.05,399.0,39,2025-06-08
2025-03-31,EZ898,Amul Butter 500g,Dairy,250,2,0.0,500.0,45,2025-06-29
2025-05-19,EZ309,Dove Soap 75g,Personal Care,40,1,0.05,38.0,72,2027-05-19
2025-04-10,EZ098,Amul Butter 500g,Dairy,250,7,0.05,1662.5,33,2025-07-09
2025-05-30,EZ187,Aashirvaad Atta 5kg,Grocery,280,5,0.0,1400.0,74,2025-11-26
2025-05-15,EZ141,Amul Butter 500g,Dairy,250,15,0.05,3562.5,62,2025-08-13
2025-05-02,EZ384,Fortune Sunflower Oil 1L,Grocery,160,6,0.0,960.0,33,2025-10-29
2025-04-16,EZ302,Amul Butter 500g,Dairy,250,12,0.0,3000.0,81,2025-07-15
2025-05-11,EZ699,Maggi 2-Minute Noodles,Snacks,12,11,0.0,132.0,68,2026-05-11
2025-05-25,EZ454,Aashirvaad Atta 5kg,Grocery,280,6,0.1,1512.0,100,2025-11-21
2025-06-10,EZ621,Aashirvaad Atta 5kg,Grocery,280,2,0.0,560.0,54,2025-12-07
2025-04-01,EZ755,Fortune Sunflower Oil 1L,Grocery,160,1,0.0,160.0,1,2025-09-28
2025-06-15,EZ846,Tata Salt 1kg,Grocery,25,7,0.05,166.25,18,2026-06-15
2025-03-30,EZ930,Amul Butter 500g,Dairy,250,14,0.0,3500.0,29,2025-06-28
2025-06-05,EZ596,Fortune Sunflower Oil 1L,Grocery,160,3,0.0,480.0,21,2025-12-02
2025-06-17,EZ894,Mother Dairy Milk 1L,Dairy,60,5,0.05,285.0,85,2025-06-27
2025-05-20,EZ939,Aashirvaad Atta 5kg,Grocery,280,13,0.1,3276.0,67,2025-11-16
2025-04-04,EZ231,Mother Dairy Milk 1L,Dairy,60,1,0.0,60.0,90,2025-04-14
2025-05-20,EZ957,Aashirvaad Atta 5kg,Grocery,280,12,0.05,3192.0,38,2025-11-16
2025-04-19,EZ142,Colgate Toothpaste 100g,Personal Care,55,3,0.05,156.75,48,2027-04-19
2025-05-28,EZ188,Mother Dairy Milk 1L,Dairy,60,14,0.1,756.0,27,2025-06-07
2025-04-26,EZ773,Amul Butter 500g,Dairy,250,3,0.0,750.0,27,2025-07-25
2025-04-04,EZ476,Dabur Honey 250g,Health,110,14,0.05,1463.0,48,2027-04-04
2025-06-03,EZ584,Mother Dairy Milk 1L,Dairy,60,19,0.0,1140.0,65,2025-06-13
2025-06-19,EZ435,Dettol Handwash 200ml,Health,85,6,0.05,484.5,97,2027-06-19
2025-03-29,EZ003,Mother Dairy Milk 1L,Dairy,60,1,0.0,60.0,59,2025-04-08
2025-04-21,EZ768,Mother Dairy Milk 1L,Dairy,60,10,0.05,570.0,3,2025-05-01
2025-03-29,EZ360,Aashirvaad Atta 5kg,Grocery,280,10,0.1,2520.0,93,2025-09-25
2025-05-19,EZ281,Dove Soap 75g,Personal Care,40,4,0.05,152.0,87,2027-05-19
2025-05-13,EZ001,Amul Butter 500g,Dairy,250,12,0.0,3000.0,18,2025-08-11
2025-06-01,EZ937,Dabur Honey 250g,Health,110,9,0.1,891.0,55,2027-06-01
2025-05-11,EZ661,Amul Butter 500g,Dairy,250,12,0.05,2850.0,52,2025-08-09
2025-06-08,EZ650,Dettol Handwash 200ml,Health,85,16,0.05,1292.0,66,2027-06-08
2025-06-24,EZ859,Dabur Honey 250g,Health,110,3,0.05,313.5,39,2027-06-24
2025-04-14,EZ805,Fortune Sunflower Oil 1L,Grocery,160,10,0.0,1600.0,40,2025-10-11
2025-04-14,EZ185,Mother Dairy Milk 1L,Dairy,60,16,0.05,912.0,67,2025-04-24
2025-04-02,EZ371,Dettol Handwash 200ml,Health,85,18,0.1,1377.0,39,2027-04-02
2025-05-09,EZ420,Aashirvaad Atta 5kg,Grocery,280,7,0.1,1764.0,52,2025-11-05
2025-06-26,EZ758,Amul Butter 500g,Dairy,250,8,0.1,1800.0,50,2025-09-24
2025-05-25,EZ877,Aashirvaad Atta 5kg,Grocery,280,18,0.05,4788.0,51,2025-11-21
2025-05-15,EZ746,Dettol Handwash 200ml,Health,85,1,0.1,76.5,70,2027-05-15
2025-05-24,EZ154,Dabur Honey 250g,Health,110,6,0.1,594.0,97,2027-05-24
2025-04-19,EZ735,Dettol Handwash 200ml,Health,85,15,0.1,1147.5,25,2027-04-19
2025-04-03,EZ148,Tata Salt 1kg,Grocery,25,13,0.0,325.0,95,2026-04-03
2025-06-23,EZ682,Dettol Handwash 200ml,Health,85,9,0.05,726.75,87,2027-06-23
2025-06-16,EZ444,Dettol Handwash 200ml,Health,85,12,0.0,1020.0,58,2027-06-16
2025-06-03,EZ239,Dettol Handwash 200ml,Health,85,1,0.05,80.75,23,2027-06-03
2025-06-19,EZ535,Colgate Toothpaste 100g,Personal Care,55,16,0.1,792.0,15,2027-06-19
2025-04-25,EZ963,Dettol Handwash 200ml,Health,85,7,0.05,565.25,75,2027-04-25
2025-04-22,EZ553,Dove Soap 75g,Personal Care,40,10,0.05,380.0,44,2027-04-22
2025-04-03,EZ690,Maggi 2-Minute Noodles,Snacks,12,17,0.0,204.0,52,2026-04-03
2025-04-30,EZ732,Dabur Honey 250g,Health,110,17,0.05,1776.5,58,2027-04-30
2025-04-12,EZ870,Tata Salt 1kg,Grocery,25,14,0.1,315.0,7,2026-04-12
2025-05-02,EZ641,Mother Dairy Milk 1L,Dairy,60,3,0.05,171.0,97,2025-05-12
2025-05-03,EZ399,Dove Soap 75g,Personal Care,40,5,0.05,190.0,53,2027-05-03
2025-05-27,EZ938,Dettol Handwash 200ml,Health,85,12,0.1,918.0,24,2027-05-27
2025-05-12,EZ889,Dove Soap 75g,Personal Care,40,18,0.0,720.0,6,2027-05-12
2025-06-22,EZ304,Aashirvaad Atta 5kg,Grocery,280,18,0.1,4536.0,20,2025-12-19
2025-05-07,EZ022,Amul Butter 500g,Dairy,250,6,0.0,1500.0,41,2025-08-05
2025-05-09,EZ946,Maggi 2-Minute Noodles,Snacks,12,11,0.05,125.4,93,2026-05-09
2025-06-09,EZ781,Dettol Handwash 200ml,Health,85,19,0.05,1534.25,53,2027-06-09
2025-06-26,EZ954,Maggi 2-Minute Noodles,Snacks,12,16,0.05,182.4,89,2026-06-26
2025-05-07,EZ286,Maggi 2-Minute Noodles,Snacks,12,8,0.05,91.2,40,2026-05-07
2025-05-07,EZ784,Aashirvaad Atta 5kg,Grocery,280,16,0.05,4256.0,33,2025-11-03
2025-06-07,EZ305,Tata Salt 1kg,Grocery,25,7,0.05,166.25,27,2026-06-07
2025-05-11,EZ387,Aashirvaad Atta 5kg,Grocery,280,10,0.05,2660.0,71,2025-11-07
2025-05-13,EZ939,Dabur Honey 250g,Health,110,5,0.05,522.5,20,2027-05-13
2025-04-26,EZ205,Colgate Toothpaste 100g,Personal Care,55,18,0.05,940.5,97,2027-04-26
2025-03-29,EZ136,Dabur Honey 250g,Health,110,13,0.05,1358.5,41,2027-03-29
2025-04-03,EZ609,Maggi 2-Minute Noodles,Snacks,12,19,0.0,228.0,65,2026-04-03
2025-05-04,EZ726,Amul Butter 500g,Dairy,250,6,0.0,1500.0,20,2025-08-02
2025-05-25,EZ652,Mother Dairy Milk 1L,Dairy,60,15,0.0,900.0,65,2025-06-04
2025-04-23,EZ918,Fortune Sunflower Oil 1L,Grocery,160,13,0.05,1976.0,62,2025-10-20
2025-04-06,EZ997,Aashirvaad Atta 5kg,Grocery,280,18,0.05,4788.0,59,2025-10-03
2025-05-16,EZ398,Fortune Sunflower Oil 1L,Grocery,160,14,0.0,2240.0,60,2025-11-12
2025-06-08,EZ661,Maggi 2-Minute Noodles,Snacks,12,7,0.1,75.6,9,2026-06-08
2025-06-25,EZ009,Amul Butter 500g,Dairy,250,14,0.0,3500.0,1,2025-09-23
2025-04-09,EZ921,Mother Dairy Milk 1L,Dairy,60,1,0.0,60.0,50,2025-04-19
2025-06-09,EZ570,Mother Dairy Milk 1L,Dairy,60,6,0.0,360.0,18,2025-06-19
2025-04-10,EZ390,Mother Dairy Milk 1L,Dairy,60,8,0.1,432.0,66,2025-04-20
2025-04-13,EZ675,Amul Butter 500g,Dairy,250,9,0.1,2025.0,40,2025-07-12
2025-05-19,EZ413,Mother Dairy Milk 1L,Dairy,60,3,0.0,180.0,9,2025-05-29
2025-03-30,EZ338,Tata Salt 1kg,Grocery,25,14,0.05,332.5,32,2026-03-30
2025-04-09,EZ913,Mother Dairy Milk 1L,Dairy,60,3,0.0,180.0,0,2025-04-19
2025-05-31,EZ112,Dabur Honey 250g,Health,110,19,0.05,1985.5,78,2027-05-31
2025-04-18,EZ865,Dove Soap 75g,Personal Care,40,2,0.05,76.0,33,2027-04-18
2025-04-04,EZ574,Fortune Sunflower Oil 1L,Grocery,160,20,0.1,2880.0,39,2025-10-01
2025-04-26,EZ213,Fortune Sunflower Oil 1L,Grocery,160,3,0.0,480.0,1,2025-10-23
2025-05-02,EZ045,Amul Butter 500g,Dairy,250,19,0.0,4750.0,81,2025-07-31
2025-04-25,EZ089,Mother Dairy Milk 1L,Dairy,60,8,0.1,432.0,63,2025-05-05
2025-06-14,EZ805,Dove Soap 75g,Personal Care,40,12,0.1,432.0,60,2027-06-14
2025-04-05,EZ247,Dettol Handwash 200ml,Health,85,17,0.0,1445.0,35,2027-04-05
2025-06-11,EZ690,Colgate Toothpaste 100g,Personal Care,55,13,0.05,679.25,76,2027-06-11
2025-05-25,EZ489,Dettol Handwash 200ml,Health,85,10,0.0,850.0,100,2027-05-25
2025-04-12,EZ420,Fortune Sunflower Oil 1L,Grocery,160,19,0.0,3040.0,12,2025-10-09